Cluster,,household_ID,Cluster,label
0,4,ID0005,0,normal
0,5,ID0006,0,normal
0,9,ID0010,0,normal
0,14,ID0015,0,normal
0,15,ID0016,0,normal
0,33,ID0034,0,high
0,35,ID0036,0,normal
0,46,ID0047,0,normal
0,51,ID0052,0,normal
0,52,ID0053,0,normal
0,59,ID0060,0,normal
0,64,ID0065,0,normal
0,72,ID0073,0,normal
0,73,ID0074,0,normal
0,100,ID0101,0,normal
0,117,ID0118,0,normal
0,136,ID0137,0,high
0,137,ID0138,0,normal
0,140,ID0141,0,normal
0,144,ID0145,0,normal
0,147,ID0148,0,normal
0,149,ID0150,0,normal
0,150,ID0151,0,normal
0,161,ID0162,0,normal
0,163,ID0164,0,normal
0,168,ID0169,0,normal
0,177,ID0178,0,normal
0,178,ID0179,0,normal
0,179,ID0180,0,normal
0,185,ID0186,0,normal
0,189,ID0190,0,normal
0,191,ID0192,0,normal
0,201,ID0202,0,normal
0,207,ID0208,0,normal
0,211,ID0212,0,normal
0,213,ID0214,0,normal
0,237,ID0238,0,normal
0,268,ID0269,0,high
0,274,ID0275,0,normal
0,283,ID0284,0,normal
0,284,ID0285,0,high
0,285,ID0286,0,normal
0,286,ID0287,0,normal
0,298,ID0299,0,normal
0,299,ID0300,0,normal
0,302,ID0303,0,normal
0,303,ID0304,0,normal
0,309,ID0310,0,normal
0,311,ID0312,0,normal
0,313,ID0314,0,high
0,318,ID0319,0,normal
0,321,ID0322,0,normal
0,325,ID0326,0,normal
0,329,ID0330,0,normal
0,333,ID0334,0,normal
0,334,ID0335,0,normal
0,335,ID0336,0,normal
0,336,ID0337,0,normal
0,338,ID0339,0,normal
0,342,ID0343,0,normal
0,346,ID0347,0,normal
0,348,ID0349,0,normal
0,351,ID0352,0,normal
0,353,ID0354,0,normal
0,354,ID0355,0,normal
0,356,ID0357,0,high
0,367,ID0368,0,normal
0,389,ID0390,0,normal
0,396,ID0397,0,high
0,400,ID0401,0,normal
0,402,ID0403,0,normal
0,407,ID0408,0,normal
0,429,ID0430,0,normal
0,431,ID0432,0,normal
0,432,ID0433,0,normal
0,433,ID0434,0,normal
0,437,ID0438,0,normal
0,447,ID0448,0,normal
0,458,ID0459,0,normal
0,477,ID0478,0,normal
0,480,ID0481,0,normal
0,482,ID0483,0,normal
0,487,ID0488,0,high
0,489,ID0490,0,normal
0,495,ID0496,0,normal
0,498,ID0499,0,normal
0,500,ID0501,0,normal
0,509,ID0510,0,normal
0,515,ID0516,0,normal
0,524,ID0525,0,normal
0,531,ID0532,0,normal
0,540,ID0541,0,normal
0,558,ID0559,0,normal
0,576,ID0577,0,normal
0,580,ID0581,0,normal
0,583,ID0584,0,normal
0,584,ID0585,0,normal
0,588,ID0589,0,normal
0,598,ID0599,0,normal
0,601,ID0602,0,high
0,604,ID0605,0,high
0,613,ID0614,0,normal
0,615,ID0616,0,normal
0,626,ID0627,0,normal
0,627,ID0628,0,normal
0,643,ID0644,0,normal
0,647,ID0648,0,normal
0,651,ID0652,0,normal
0,658,ID0659,0,normal
0,659,ID0660,0,normal
0,667,ID0668,0,low
0,676,ID0677,0,low
0,677,ID0678,0,normal
0,687,ID0688,0,normal
0,711,ID0712,0,low
0,714,ID0715,0,normal
0,716,ID0717,0,normal
0,717,ID0718,0,normal
0,718,ID0719,0,high
0,724,ID0725,0,normal
0,726,ID0727,0,normal
0,730,ID0731,0,high
0,744,ID0745,0,normal
0,757,ID0758,0,normal
0,759,ID0760,0,normal
0,762,ID0763,0,normal
0,780,ID0781,0,high
0,781,ID0782,0,normal
0,786,ID0787,0,normal
0,789,ID0790,0,low
0,793,ID0794,0,normal
0,796,ID0797,0,low
0,797,ID0798,0,high
0,798,ID0799,0,normal
0,811,ID0812,0,low
0,823,ID0824,0,normal
0,825,ID0826,0,low
0,826,ID0827,0,normal
0,848,ID0849,0,normal
0,873,ID0874,0,low
0,875,ID0876,0,normal
0,880,ID0881,0,normal
0,895,ID0896,0,normal
0,899,ID0900,0,normal
0,900,ID0901,0,high
0,902,ID0903,0,low
0,904,ID0905,0,normal
0,909,ID0910,0,normal
0,912,ID0913,0,normal
0,914,ID0915,0,normal
0,920,ID0921,0,low
0,931,ID0932,0,normal
0,934,ID0935,0,normal
0,941,ID0942,0,normal
0,942,ID0943,0,normal
0,947,ID0948,0,normal
0,948,ID0949,0,normal
0,956,ID0957,0,normal
0,960,ID0961,0,normal
0,966,ID0967,0,normal
0,976,ID0977,0,normal
0,983,ID0984,0,normal
0,989,ID0990,0,normal
0,997,ID0998,0,normal
0,998,ID0999,0,normal
0,999,ID1000,0,normal
0,1001,ID1002,0,normal
0,1003,ID1004,0,normal
0,1012,ID1013,0,normal
0,1015,ID1016,0,normal
0,1018,ID1019,0,normal
0,1022,ID1023,0,normal
0,1034,ID1035,0,normal
0,1041,ID1042,0,normal
0,1044,ID1045,0,normal
0,1045,ID1046,0,normal
0,1054,ID1055,0,normal
0,1061,ID1062,0,normal
0,1063,ID1064,0,normal
0,1066,ID1067,0,normal
0,1069,ID1070,0,normal
0,1074,ID1075,0,normal
0,1075,ID1076,0,normal
0,1080,ID1081,0,normal
0,1089,ID1090,0,normal
0,1091,ID1092,0,normal
0,1098,ID1099,0,normal
0,1107,ID1108,0,high
0,1120,ID1121,0,normal
0,1129,ID1130,0,normal
0,1151,ID1152,0,normal
0,1153,ID1154,0,normal
0,1154,ID1155,0,normal
0,1157,ID1158,0,normal
0,1169,ID1170,0,normal
0,1173,ID1174,0,normal
0,1175,ID1176,0,high
0,1180,ID1181,0,normal
0,1186,ID1187,0,normal
0,1191,ID1192,0,normal
0,1227,ID1228,0,high
0,1239,ID1240,0,normal
0,1245,ID1246,0,normal
0,1264,ID1265,0,normal
0,1267,ID1268,0,normal
0,1275,ID1276,0,normal
0,1279,ID1280,0,normal
0,1284,ID1285,0,low
0,1287,ID1288,0,high
0,1292,ID1293,0,low
0,1294,ID1295,0,normal
0,1295,ID1296,0,normal
0,1302,ID1303,0,normal
0,1303,ID1304,0,normal
0,1308,ID1309,0,normal
0,1309,ID1310,0,normal
0,1310,ID1311,0,normal
0,1314,ID1315,0,normal
0,1315,ID1316,0,normal
0,1323,ID1324,0,normal
0,1325,ID1326,0,normal
0,1326,ID1327,0,normal
0,1329,ID1330,0,high
0,1331,ID1332,0,normal
0,1344,ID1345,0,high
0,1349,ID1350,0,high
0,1354,ID1355,0,normal
0,1364,ID1365,0,normal
0,1366,ID1367,0,normal
0,1367,ID1368,0,normal
0,1374,ID1375,0,normal
0,1388,ID1389,0,normal
0,1411,ID1412,0,normal
0,1420,ID1421,0,normal
0,1421,ID1422,0,normal
0,1423,ID1424,0,normal
0,1433,ID1434,0,normal
0,1435,ID1436,0,normal
0,1443,ID1444,0,normal
0,1445,ID1446,0,low
0,1447,ID1448,0,normal
0,1448,ID1449,0,normal
0,1456,ID1457,0,normal
0,1459,ID1460,0,normal
0,1465,ID1466,0,normal
0,1466,ID1467,0,low
0,1487,ID1488,0,normal
0,1492,ID1493,0,normal
0,1494,ID1495,0,normal
0,1498,ID1499,0,high
0,1504,ID1505,0,normal
0,1505,ID1506,0,normal
0,1512,ID1513,0,normal
0,1513,ID1514,0,normal
0,1521,ID1522,0,normal
0,1522,ID1523,0,normal
0,1523,ID1524,0,normal
0,1530,ID1531,0,normal
0,1532,ID1533,0,normal
0,1541,ID1542,0,normal
0,1544,ID1545,0,normal
0,1546,ID1547,0,normal
0,1549,ID1550,0,normal
0,1553,ID1554,0,normal
0,1564,ID1565,0,high
0,1567,ID1568,0,normal
0,1571,ID1572,0,normal
0,1581,ID1582,0,normal
0,1583,ID1584,0,normal
0,1586,ID1587,0,normal
0,1608,ID1609,0,normal
0,1615,ID1616,0,normal
0,1624,ID1625,0,high
0,1634,ID1635,0,normal
0,1647,ID1648,0,normal
0,1653,ID1654,0,normal
0,1655,ID1656,0,normal
0,1658,ID1659,0,high
0,1659,ID1660,0,normal
0,1667,ID1668,0,normal
0,1687,ID1688,0,high
0,1692,ID1693,0,normal
0,1695,ID1696,0,normal
0,1702,ID1703,0,normal
0,1703,ID1704,0,normal
0,1720,ID1721,0,high
0,1727,ID1728,0,normal
0,1732,ID1733,0,normal
0,1734,ID1735,0,low
0,1741,ID1742,0,normal
0,1746,ID1747,0,high
0,1749,ID1750,0,normal
0,1751,ID1752,0,normal
0,1759,ID1760,0,normal
0,1775,ID1776,0,normal
0,1785,ID1786,0,low
0,1790,ID1791,0,normal
0,1792,ID1793,0,normal
0,1794,ID1795,0,normal
0,1802,ID1803,0,normal
0,1810,ID1811,0,normal
0,1824,ID1825,0,normal
0,1827,ID1828,0,high
0,1829,ID1830,0,normal
0,1832,ID1833,0,normal
0,1838,ID1839,0,normal
0,1843,ID1844,0,normal
0,1852,ID1853,0,normal
0,1854,ID1855,0,normal
0,1864,ID1865,0,normal
0,1865,ID1866,0,normal
0,1866,ID1867,0,normal
0,1871,ID1872,0,high
0,1881,ID1882,0,normal
0,1887,ID1888,0,normal
0,1889,ID1890,0,normal
0,1902,ID1903,0,normal
0,1909,ID1910,0,normal
0,1911,ID1912,0,normal
0,1922,ID1923,0,normal
0,1927,ID1928,0,normal
0,1929,ID1930,0,normal
0,1931,ID1932,0,normal
0,1939,ID1940,0,normal
0,1944,ID1945,0,high
0,1950,ID1951,0,normal
0,1951,ID1952,0,normal
0,1954,ID1955,0,normal
0,1959,ID1960,0,normal
0,1960,ID1961,0,normal
0,1961,ID1962,0,normal
0,1966,ID1967,0,normal
0,1976,ID1977,0,normal
0,1980,ID1981,0,normal
0,1989,ID1990,0,normal
0,1990,ID1991,0,normal
0,2001,ID2002,0,normal
0,2003,ID2004,0,normal
0,2004,ID2005,0,normal
0,2005,ID2006,0,normal
0,2015,ID2016,0,normal
0,2017,ID2018,0,normal
0,2023,ID2024,0,low
0,2029,ID2030,0,normal
0,2030,ID2031,0,normal
0,2031,ID2032,0,normal
0,2036,ID2037,0,normal
0,2052,ID2053,0,normal
0,2061,ID2062,0,normal
0,2065,ID2066,0,normal
0,2066,ID2067,0,normal
0,2069,ID2070,0,normal
0,2070,ID2071,0,normal
0,2072,ID2073,0,normal
0,2080,ID2081,0,normal
0,2086,ID2087,0,normal
0,2092,ID2093,0,normal
0,2093,ID2094,0,normal
0,2094,ID2095,0,high
0,2098,ID2099,0,normal
0,2099,ID2100,0,normal
0,2108,ID2109,0,normal
0,2112,ID2113,0,normal
0,2134,ID2135,0,normal
0,2140,ID2141,0,normal
0,2144,ID2145,0,low
0,2151,ID2152,0,normal
0,2153,ID2154,0,normal
0,2156,ID2157,0,normal
0,2161,ID2162,0,low
0,2164,ID2165,0,normal
0,2171,ID2172,0,normal
0,2175,ID2176,0,normal
0,2179,ID2180,0,normal
0,2184,ID2185,0,normal
0,2187,ID2188,0,normal
0,2189,ID2190,0,normal
0,2199,ID2200,0,normal
0,2202,ID2203,0,normal
0,2204,ID2205,0,normal
0,2207,ID2208,0,normal
0,2212,ID2213,0,normal
0,2221,ID2222,0,normal
0,2230,ID2231,0,normal
0,2234,ID2235,0,normal
0,2235,ID2236,0,normal
0,2241,ID2242,0,normal
0,2244,ID2245,0,normal
0,2246,ID2247,0,normal
0,2262,ID2263,0,normal
0,2265,ID2266,0,normal
0,2282,ID2283,0,normal
0,2288,ID2289,0,low
0,2301,ID2302,0,normal
0,2315,ID2316,0,normal
0,2317,ID2318,0,normal
0,2324,ID2325,0,low
0,2340,ID2341,0,normal
0,2342,ID2343,0,normal
0,2344,ID2345,0,normal
0,2363,ID2364,0,normal
0,2368,ID2369,0,normal
0,2373,ID2374,0,normal
0,2383,ID2384,0,normal
0,2386,ID2387,0,normal
0,2393,ID2394,0,normal
0,2400,ID2401,0,normal
0,2411,ID2412,0,normal
0,2412,ID2413,0,normal
0,2414,ID2415,0,normal
0,2420,ID2421,0,normal
0,2423,ID2424,0,normal
0,2428,ID2429,0,normal
0,2434,ID2435,0,normal
0,2459,ID2460,0,normal
0,2460,ID2461,0,normal
0,2462,ID2463,0,normal
0,2463,ID2464,0,normal
0,2477,ID2478,0,low
0,2481,ID2482,0,normal
0,2484,ID2485,0,normal
0,2488,ID2489,0,normal
0,2491,ID2492,0,normal
0,2495,ID2496,0,normal
0,2505,ID2506,0,normal
0,2510,ID2511,0,normal
0,2526,ID2527,0,normal
0,2527,ID2528,0,high
0,2528,ID2529,0,normal
0,2529,ID2530,0,normal
0,2540,ID2541,0,normal
0,2543,ID2544,0,normal
0,2547,ID2548,0,normal
0,2549,ID2550,0,normal
0,2554,ID2555,0,normal
0,2564,ID2565,0,normal
0,2570,ID2571,0,normal
0,2573,ID2574,0,normal
0,2576,ID2577,0,high
0,2578,ID2579,0,normal
0,2588,ID2589,0,normal
0,2594,ID2595,0,normal
0,2600,ID2601,0,normal
0,2602,ID2603,0,normal
0,2609,ID2610,0,high
0,2610,ID2611,0,normal
0,2615,ID2616,0,high
0,2618,ID2619,0,normal
0,2632,ID2633,0,normal
0,2634,ID2635,0,normal
0,2641,ID2642,0,normal
0,2643,ID2644,0,low
0,2647,ID2648,0,normal
0,2650,ID2651,0,normal
0,2657,ID2658,0,normal
0,2666,ID2667,0,normal
0,2667,ID2668,0,normal
0,2673,ID2674,0,normal
0,2677,ID2678,0,normal
0,2687,ID2688,0,normal
0,2691,ID2692,0,normal
0,2692,ID2693,0,normal
0,2697,ID2698,0,normal
0,2729,ID2730,0,normal
0,2741,ID2742,0,normal
0,2743,ID2744,0,normal
0,2744,ID2745,0,normal
0,2746,ID2747,0,normal
0,2754,ID2755,0,normal
0,2759,ID2760,0,normal
0,2765,ID2766,0,normal
0,2771,ID2772,0,normal
0,2772,ID2773,0,normal
0,2785,ID2786,0,normal
0,2798,ID2799,0,normal
0,2802,ID2803,0,normal
0,2805,ID2806,0,normal
0,2823,ID2824,0,normal
0,2824,ID2825,0,normal
0,2825,ID2826,0,normal
0,2842,ID2843,0,normal
0,2848,ID2849,0,normal
0,2856,ID2857,0,normal
0,2865,ID2866,0,normal
0,2869,ID2870,0,normal
0,2870,ID2871,0,low
0,2875,ID2876,0,normal
0,2881,ID2882,0,normal
0,2887,ID2888,0,normal
0,2892,ID2893,0,normal
0,2898,ID2899,0,low
0,2904,ID2905,0,normal
0,2906,ID2907,0,normal
0,2916,ID2917,0,normal
0,2937,ID2938,0,normal
0,2939,ID2940,0,normal
0,2947,ID2948,0,normal
0,2949,ID2950,0,normal
0,2950,ID2951,0,normal
0,2952,ID2953,0,low
0,2959,ID2960,0,normal
0,2970,ID2971,0,normal
0,2988,ID2989,0,normal
0,3020,ID3021,0,normal
0,3021,ID3022,0,normal
0,3024,ID3025,0,normal
0,3032,ID3033,0,normal
0,3041,ID3042,0,normal
0,3049,ID3050,0,normal
0,3076,ID3077,0,normal
0,3098,ID3099,0,low
0,3124,ID3125,0,normal
0,3128,ID3129,0,normal
0,3149,ID3150,0,normal
0,3153,ID3154,0,normal
0,3155,ID3156,0,normal
0,3159,ID3160,0,normal
0,3168,ID3169,0,normal
0,3208,ID3209,0,low
0,3209,ID3210,0,normal
0,3215,ID3216,0,normal
0,3220,ID3221,0,normal
0,3234,ID3235,0,normal
0,3240,ID3241,0,normal
0,3244,ID3245,0,normal
0,3255,ID3256,0,high
0,3256,ID3257,0,normal
0,3257,ID3258,0,high
0,3263,ID3264,0,low
0,3288,ID3289,0,normal
0,3299,ID3300,0,low
0,3316,ID3317,0,low
0,3326,ID3327,0,normal
0,3341,ID3342,0,normal
0,3345,ID3346,0,high
0,3348,ID3349,0,normal
0,3349,ID3350,0,normal
0,3351,ID3352,0,normal
0,3353,ID3354,0,normal
0,3354,ID3355,0,normal
0,3356,ID3357,0,normal
0,3358,ID3359,0,normal
0,3368,ID3369,0,high
0,3369,ID3370,0,normal
0,3377,ID3378,0,normal
0,3406,ID3407,0,normal
0,3422,ID3423,0,normal
0,3426,ID3427,0,normal
0,3433,ID3434,0,normal
0,3441,ID3442,0,normal
0,3442,ID3443,0,normal
0,3449,ID3450,0,normal
0,3453,ID3454,0,high
0,3464,ID3465,0,normal
0,3477,ID3478,0,normal
0,3480,ID3481,0,low
0,3482,ID3483,0,normal
0,3495,ID3496,0,normal
0,3498,ID3499,0,normal
0,3505,ID3506,0,high
0,3506,ID3507,0,normal
0,3511,ID3512,0,normal
0,3516,ID3517,0,normal
0,3522,ID3523,0,normal
0,3547,ID3548,0,normal
0,3553,ID3554,0,normal
0,3560,ID3561,0,normal
0,3564,ID3565,0,normal
0,3568,ID3569,0,normal
0,3594,ID3595,0,normal
0,3598,ID3599,0,normal
0,3609,ID3610,0,normal
0,3620,ID3621,0,normal
0,3627,ID3628,0,normal
0,3629,ID3630,0,normal
0,3636,ID3637,0,normal
0,3638,ID3639,0,normal
0,3643,ID3644,0,normal
0,3649,ID3650,0,normal
0,3653,ID3654,0,normal
0,3658,ID3659,0,normal
0,3699,ID3700,0,normal
0,3701,ID3702,0,normal
0,3702,ID3703,0,normal
0,3756,ID3757,0,normal
0,3764,ID3765,0,normal
0,3777,ID3778,0,normal
0,3787,ID3788,0,normal
0,3812,ID3813,0,normal
0,3816,ID3817,0,low
0,3820,ID3821,0,normal
0,3827,ID3828,0,normal
0,3829,ID3830,0,low
0,3834,ID3835,0,normal
0,3835,ID3836,0,normal
0,3836,ID3837,0,normal
0,3839,ID3840,0,normal
0,3842,ID3843,0,normal
0,3844,ID3845,0,normal
0,3845,ID3846,0,normal
0,3846,ID3847,0,high
0,3847,ID3848,0,normal
0,3857,ID3858,0,low
0,3864,ID3865,0,normal
0,3865,ID3866,0,normal
0,3868,ID3869,0,normal
0,3869,ID3870,0,normal
0,3877,ID3878,0,normal
0,3879,ID3880,0,normal
0,3899,ID3900,0,normal
0,3901,ID3902,0,normal
0,3903,ID3904,0,normal
0,3914,ID3915,0,normal
0,3917,ID3918,0,normal
0,3924,ID3925,0,normal
0,3930,ID3931,0,normal
0,3931,ID3932,0,normal
0,3932,ID3933,0,normal
0,3950,ID3951,0,normal
0,3953,ID3954,0,normal
0,3956,ID3957,0,normal
0,3957,ID3958,0,normal
0,3958,ID3959,0,normal
0,3959,ID3960,0,normal
0,3962,ID3963,0,normal
0,3980,ID3981,0,normal
0,3988,ID3989,0,normal
0,3994,ID3995,0,normal
0,3995,ID3996,0,normal
0,4001,ID4002,0,normal
0,4008,ID4009,0,normal
0,4009,ID4010,0,normal
0,4011,ID4012,0,normal
0,4015,ID4016,0,normal
0,4016,ID4017,0,normal
0,4017,ID4018,0,normal
0,4018,ID4019,0,normal
0,4019,ID4020,0,normal
0,4022,ID4023,0,normal
0,4028,ID4029,0,high
0,4030,ID4031,0,normal
0,4031,ID4032,0,normal
0,4032,ID4033,0,normal
0,4033,ID4034,0,normal
0,4042,ID4043,0,low
0,4043,ID4044,0,normal
0,4050,ID4051,0,normal
0,4051,ID4052,0,normal
0,4062,ID4063,0,normal
1,8,ID0009,1,normal
1,22,ID0023,1,normal
1,23,ID0024,1,high
1,24,ID0025,1,normal
1,28,ID0029,1,normal
1,34,ID0035,1,normal
1,36,ID0037,1,normal
1,47,ID0048,1,normal
1,48,ID0049,1,normal
1,54,ID0055,1,normal
1,58,ID0059,1,normal
1,60,ID0061,1,normal
1,69,ID0070,1,normal
1,71,ID0072,1,normal
1,76,ID0077,1,normal
1,77,ID0078,1,normal
1,79,ID0080,1,low
1,89,ID0090,1,normal
1,94,ID0095,1,normal
1,96,ID0097,1,normal
1,97,ID0098,1,normal
1,98,ID0099,1,normal
1,101,ID0102,1,normal
1,107,ID0108,1,normal
1,110,ID0111,1,normal
1,119,ID0120,1,normal
1,121,ID0122,1,low
1,131,ID0132,1,normal
1,138,ID0139,1,normal
1,139,ID0140,1,normal
1,143,ID0144,1,normal
1,145,ID0146,1,normal
1,154,ID0155,1,normal
1,160,ID0161,1,normal
1,165,ID0166,1,normal
1,166,ID0167,1,low
1,170,ID0171,1,normal
1,174,ID0175,1,normal
1,187,ID0188,1,normal
1,190,ID0191,1,normal
1,193,ID0194,1,normal
1,196,ID0197,1,normal
1,199,ID0200,1,normal
1,202,ID0203,1,normal
1,204,ID0205,1,normal
1,205,ID0206,1,normal
1,210,ID0211,1,normal
1,212,ID0213,1,normal
1,214,ID0215,1,normal
1,215,ID0216,1,normal
1,217,ID0218,1,normal
1,219,ID0220,1,normal
1,223,ID0224,1,normal
1,229,ID0230,1,normal
1,231,ID0232,1,normal
1,232,ID0233,1,normal
1,235,ID0236,1,normal
1,238,ID0239,1,normal
1,239,ID0240,1,normal
1,241,ID0242,1,normal
1,242,ID0243,1,normal
1,264,ID0265,1,normal
1,265,ID0266,1,normal
1,266,ID0267,1,normal
1,267,ID0268,1,normal
1,269,ID0270,1,normal
1,270,ID0271,1,normal
1,276,ID0277,1,normal
1,278,ID0279,1,normal
1,282,ID0283,1,normal
1,287,ID0288,1,normal
1,291,ID0292,1,normal
1,292,ID0293,1,normal
1,293,ID0294,1,normal
1,297,ID0298,1,normal
1,300,ID0301,1,normal
1,305,ID0306,1,normal
1,307,ID0308,1,normal
1,310,ID0311,1,normal
1,316,ID0317,1,normal
1,323,ID0324,1,normal
1,330,ID0331,1,high
1,332,ID0333,1,normal
1,337,ID0338,1,normal
1,343,ID0344,1,normal
1,352,ID0353,1,normal
1,357,ID0358,1,normal
1,359,ID0360,1,normal
1,361,ID0362,1,normal
1,362,ID0363,1,normal
1,364,ID0365,1,normal
1,368,ID0369,1,normal
1,373,ID0374,1,normal
1,376,ID0377,1,normal
1,381,ID0382,1,normal
1,393,ID0394,1,normal
1,395,ID0396,1,normal
1,399,ID0400,1,normal
1,401,ID0402,1,normal
1,403,ID0404,1,normal
1,404,ID0405,1,normal
1,406,ID0407,1,normal
1,409,ID0410,1,normal
1,412,ID0413,1,normal
1,419,ID0420,1,normal
1,422,ID0423,1,normal
1,424,ID0425,1,normal
1,430,ID0431,1,normal
1,438,ID0439,1,normal
1,444,ID0445,1,normal
1,457,ID0458,1,normal
1,459,ID0460,1,low
1,461,ID0462,1,normal
1,464,ID0465,1,normal
1,465,ID0466,1,normal
1,466,ID0467,1,high
1,468,ID0469,1,normal
1,472,ID0473,1,normal
1,473,ID0474,1,normal
1,475,ID0476,1,normal
1,478,ID0479,1,normal
1,490,ID0491,1,low
1,492,ID0493,1,normal
1,496,ID0497,1,normal
1,501,ID0502,1,normal
1,505,ID0506,1,normal
1,506,ID0507,1,normal
1,507,ID0508,1,normal
1,508,ID0509,1,normal
1,514,ID0515,1,normal
1,518,ID0519,1,low
1,519,ID0520,1,normal
1,520,ID0521,1,normal
1,521,ID0522,1,high
1,526,ID0527,1,normal
1,527,ID0528,1,normal
1,528,ID0529,1,normal
1,529,ID0530,1,normal
1,533,ID0534,1,normal
1,536,ID0537,1,normal
1,537,ID0538,1,normal
1,545,ID0546,1,normal
1,547,ID0548,1,normal
1,549,ID0550,1,normal
1,550,ID0551,1,normal
1,556,ID0557,1,normal
1,562,ID0563,1,normal
1,564,ID0565,1,normal
1,566,ID0567,1,normal
1,568,ID0569,1,normal
1,573,ID0574,1,normal
1,574,ID0575,1,normal
1,581,ID0582,1,normal
1,582,ID0583,1,low
1,587,ID0588,1,normal
1,589,ID0590,1,normal
1,591,ID0592,1,normal
1,593,ID0594,1,normal
1,594,ID0595,1,normal
1,595,ID0596,1,normal
1,599,ID0600,1,high
1,600,ID0601,1,normal
1,602,ID0603,1,normal
1,603,ID0604,1,normal
1,607,ID0608,1,normal
1,609,ID0610,1,normal
1,611,ID0612,1,normal
1,617,ID0618,1,normal
1,618,ID0619,1,normal
1,621,ID0622,1,normal
1,623,ID0624,1,normal
1,628,ID0629,1,normal
1,635,ID0636,1,normal
1,636,ID0637,1,normal
1,637,ID0638,1,normal
1,648,ID0649,1,normal
1,649,ID0650,1,normal
1,652,ID0653,1,normal
1,654,ID0655,1,normal
1,657,ID0658,1,normal
1,660,ID0661,1,high
1,661,ID0662,1,normal
1,662,ID0663,1,normal
1,668,ID0669,1,high
1,669,ID0670,1,normal
1,673,ID0674,1,normal
1,675,ID0676,1,normal
1,678,ID0679,1,normal
1,680,ID0681,1,normal
1,681,ID0682,1,normal
1,686,ID0687,1,normal
1,689,ID0690,1,normal
1,690,ID0691,1,normal
1,692,ID0693,1,normal
1,693,ID0694,1,normal
1,694,ID0695,1,normal
1,695,ID0696,1,normal
1,696,ID0697,1,normal
1,701,ID0702,1,normal
1,702,ID0703,1,normal
1,703,ID0704,1,normal
1,704,ID0705,1,normal
1,705,ID0706,1,normal
1,715,ID0716,1,normal
1,720,ID0721,1,high
1,727,ID0728,1,normal
1,728,ID0729,1,low
1,734,ID0735,1,normal
1,736,ID0737,1,normal
1,737,ID0738,1,normal
1,740,ID0741,1,high
1,741,ID0742,1,normal
1,742,ID0743,1,normal
1,748,ID0749,1,normal
1,749,ID0750,1,normal
1,751,ID0752,1,normal
1,752,ID0753,1,normal
1,753,ID0754,1,normal
1,754,ID0755,1,normal
1,755,ID0756,1,normal
1,764,ID0765,1,normal
1,766,ID0767,1,low
1,767,ID0768,1,normal
1,769,ID0770,1,normal
1,773,ID0774,1,normal
1,775,ID0776,1,normal
1,777,ID0778,1,normal
1,778,ID0779,1,normal
1,779,ID0780,1,normal
1,782,ID0783,1,low
1,783,ID0784,1,normal
1,784,ID0785,1,normal
1,785,ID0786,1,normal
1,787,ID0788,1,normal
1,790,ID0791,1,normal
1,791,ID0792,1,normal
1,792,ID0793,1,high
1,794,ID0795,1,normal
1,795,ID0796,1,high
1,803,ID0804,1,normal
1,805,ID0806,1,high
1,808,ID0809,1,normal
1,810,ID0811,1,normal
1,812,ID0813,1,normal
1,814,ID0815,1,normal
1,817,ID0818,1,normal
1,818,ID0819,1,normal
1,819,ID0820,1,normal
1,820,ID0821,1,normal
1,821,ID0822,1,high
1,828,ID0829,1,normal
1,829,ID0830,1,normal
1,830,ID0831,1,normal
1,831,ID0832,1,normal
1,832,ID0833,1,high
1,835,ID0836,1,normal
1,836,ID0837,1,normal
1,838,ID0839,1,normal
1,844,ID0845,1,normal
1,845,ID0846,1,normal
1,849,ID0850,1,normal
1,850,ID0851,1,normal
1,852,ID0853,1,normal
1,853,ID0854,1,normal
1,854,ID0855,1,normal
1,855,ID0856,1,low
1,857,ID0858,1,normal
1,858,ID0859,1,normal
1,859,ID0860,1,normal
1,860,ID0861,1,normal
1,864,ID0865,1,normal
1,866,ID0867,1,normal
1,870,ID0871,1,normal
1,881,ID0882,1,normal
1,882,ID0883,1,normal
1,884,ID0885,1,normal
1,886,ID0887,1,normal
1,894,ID0895,1,normal
1,897,ID0898,1,normal
1,901,ID0902,1,normal
1,903,ID0904,1,normal
1,905,ID0906,1,normal
1,913,ID0914,1,normal
1,917,ID0918,1,normal
1,918,ID0919,1,normal
1,922,ID0923,1,normal
1,923,ID0924,1,normal
1,925,ID0926,1,normal
1,926,ID0927,1,normal
1,929,ID0930,1,normal
1,938,ID0939,1,high
1,940,ID0941,1,normal
1,945,ID0946,1,normal
1,946,ID0947,1,normal
1,949,ID0950,1,normal
1,959,ID0960,1,normal
1,962,ID0963,1,normal
1,969,ID0970,1,normal
1,970,ID0971,1,normal
1,971,ID0972,1,normal
1,972,ID0973,1,normal
1,974,ID0975,1,high
1,977,ID0978,1,normal
1,978,ID0979,1,normal
1,979,ID0980,1,high
1,985,ID0986,1,high
1,987,ID0988,1,normal
1,988,ID0989,1,normal
1,994,ID0995,1,normal
1,1002,ID1003,1,normal
1,1006,ID1007,1,normal
1,1010,ID1011,1,normal
1,1016,ID1017,1,normal
1,1017,ID1018,1,normal
1,1021,ID1022,1,normal
1,1025,ID1026,1,normal
1,1032,ID1033,1,normal
1,1033,ID1034,1,normal
1,1036,ID1037,1,normal
1,1037,ID1038,1,normal
1,1048,ID1049,1,normal
1,1052,ID1053,1,normal
1,1056,ID1057,1,normal
1,1058,ID1059,1,normal
1,1060,ID1061,1,normal
1,1062,ID1063,1,normal
1,1064,ID1065,1,normal
1,1073,ID1074,1,normal
1,1076,ID1077,1,normal
1,1078,ID1079,1,high
1,1081,ID1082,1,low
1,1082,ID1083,1,normal
1,1083,ID1084,1,normal
1,1086,ID1087,1,normal
1,1094,ID1095,1,normal
1,1096,ID1097,1,low
1,1103,ID1104,1,normal
1,1112,ID1113,1,normal
1,1114,ID1115,1,normal
1,1116,ID1117,1,normal
1,1118,ID1119,1,normal
1,1122,ID1123,1,normal
1,1132,ID1133,1,normal
1,1134,ID1135,1,normal
1,1136,ID1137,1,low
1,1137,ID1138,1,normal
1,1140,ID1141,1,normal
1,1141,ID1142,1,high
1,1142,ID1143,1,normal
1,1143,ID1144,1,normal
1,1145,ID1146,1,normal
1,1146,ID1147,1,normal
1,1150,ID1151,1,normal
1,1152,ID1153,1,normal
1,1155,ID1156,1,normal
1,1156,ID1157,1,normal
1,1165,ID1166,1,normal
1,1167,ID1168,1,normal
1,1170,ID1171,1,normal
1,1172,ID1173,1,normal
1,1174,ID1175,1,high
1,1176,ID1177,1,high
1,1179,ID1180,1,normal
1,1184,ID1185,1,normal
1,1188,ID1189,1,high
1,1192,ID1193,1,high
1,1193,ID1194,1,normal
1,1195,ID1196,1,high
1,1198,ID1199,1,normal
1,1200,ID1201,1,normal
1,1204,ID1205,1,high
1,1205,ID1206,1,normal
1,1206,ID1207,1,normal
1,1208,ID1209,1,normal
1,1210,ID1211,1,normal
1,1213,ID1214,1,high
1,1217,ID1218,1,normal
1,1218,ID1219,1,normal
1,1219,ID1220,1,normal
1,1221,ID1222,1,normal
1,1223,ID1224,1,normal
1,1231,ID1232,1,normal
1,1232,ID1233,1,normal
1,1233,ID1234,1,normal
1,1234,ID1235,1,normal
1,1240,ID1241,1,normal
1,1241,ID1242,1,normal
1,1242,ID1243,1,normal
1,1247,ID1248,1,normal
1,1250,ID1251,1,high
1,1258,ID1259,1,normal
1,1260,ID1261,1,normal
1,1263,ID1264,1,normal
1,1265,ID1266,1,normal
1,1269,ID1270,1,normal
1,1278,ID1279,1,normal
1,1280,ID1281,1,normal
1,1282,ID1283,1,normal
1,1285,ID1286,1,normal
1,1290,ID1291,1,normal
1,1293,ID1294,1,low
1,1297,ID1298,1,normal
1,1299,ID1300,1,normal
1,1301,ID1302,1,normal
1,1305,ID1306,1,normal
1,1317,ID1318,1,normal
1,1319,ID1320,1,normal
1,1321,ID1322,1,normal
1,1324,ID1325,1,normal
1,1330,ID1331,1,normal
1,1336,ID1337,1,normal
1,1338,ID1339,1,normal
1,1340,ID1341,1,normal
1,1342,ID1343,1,normal
1,1345,ID1346,1,normal
1,1346,ID1347,1,normal
1,1350,ID1351,1,normal
1,1360,ID1361,1,normal
1,1363,ID1364,1,normal
1,1368,ID1369,1,normal
1,1370,ID1371,1,normal
1,1380,ID1381,1,normal
1,1381,ID1382,1,normal
1,1385,ID1386,1,normal
1,1394,ID1395,1,normal
1,1396,ID1397,1,low
1,1400,ID1401,1,normal
1,1403,ID1404,1,normal
1,1404,ID1405,1,low
1,1406,ID1407,1,normal
1,1407,ID1408,1,normal
1,1414,ID1415,1,normal
1,1415,ID1416,1,normal
1,1416,ID1417,1,normal
1,1418,ID1419,1,normal
1,1422,ID1423,1,normal
1,1427,ID1428,1,low
1,1434,ID1435,1,normal
1,1438,ID1439,1,normal
1,1439,ID1440,1,normal
1,1444,ID1445,1,normal
1,1446,ID1447,1,normal
1,1449,ID1450,1,normal
1,1450,ID1451,1,normal
1,1454,ID1455,1,normal
1,1455,ID1456,1,normal
1,1462,ID1463,1,normal
1,1463,ID1464,1,normal
1,1464,ID1465,1,normal
1,1469,ID1470,1,normal
1,1470,ID1471,1,normal
1,1471,ID1472,1,normal
1,1472,ID1473,1,normal
1,1474,ID1475,1,normal
1,1475,ID1476,1,normal
1,1477,ID1478,1,high
1,1479,ID1480,1,normal
1,1481,ID1482,1,normal
1,1482,ID1483,1,normal
1,1483,ID1484,1,high
1,1484,ID1485,1,normal
1,1486,ID1487,1,normal
1,1488,ID1489,1,normal
1,1489,ID1490,1,normal
1,1490,ID1491,1,normal
1,1499,ID1500,1,normal
1,1503,ID1504,1,normal
1,1508,ID1509,1,normal
1,1509,ID1510,1,normal
1,1510,ID1511,1,normal
1,1511,ID1512,1,normal
1,1515,ID1516,1,normal
1,1516,ID1517,1,normal
1,1517,ID1518,1,normal
1,1524,ID1525,1,normal
1,1526,ID1527,1,normal
1,1529,ID1530,1,normal
1,1531,ID1532,1,normal
1,1534,ID1535,1,normal
1,1535,ID1536,1,normal
1,1536,ID1537,1,normal
1,1537,ID1538,1,normal
1,1539,ID1540,1,normal
1,1543,ID1544,1,normal
1,1545,ID1546,1,normal
1,1547,ID1548,1,normal
1,1551,ID1552,1,normal
1,1555,ID1556,1,normal
1,1556,ID1557,1,normal
1,1559,ID1560,1,normal
1,1560,ID1561,1,normal
1,1561,ID1562,1,normal
1,1562,ID1563,1,normal
1,1563,ID1564,1,normal
1,1566,ID1567,1,normal
1,1569,ID1570,1,high
1,1570,ID1571,1,normal
1,1573,ID1574,1,normal
1,1576,ID1577,1,normal
1,1577,ID1578,1,high
1,1579,ID1580,1,normal
1,1593,ID1594,1,normal
1,1594,ID1595,1,normal
1,1596,ID1597,1,normal
1,1599,ID1600,1,high
1,1607,ID1608,1,normal
1,1610,ID1611,1,normal
1,1612,ID1613,1,high
1,1614,ID1615,1,normal
1,1616,ID1617,1,normal
1,1617,ID1618,1,normal
1,1627,ID1628,1,normal
1,1630,ID1631,1,normal
1,1631,ID1632,1,normal
1,1632,ID1633,1,normal
1,1633,ID1634,1,normal
1,1637,ID1638,1,normal
1,1639,ID1640,1,normal
1,1643,ID1644,1,normal
1,1660,ID1661,1,normal
1,1661,ID1662,1,normal
1,1662,ID1663,1,normal
1,1665,ID1666,1,high
1,1668,ID1669,1,high
1,1673,ID1674,1,normal
1,1676,ID1677,1,high
1,1680,ID1681,1,normal
1,1686,ID1687,1,normal
1,1690,ID1691,1,normal
1,1693,ID1694,1,normal
1,1694,ID1695,1,normal
1,1697,ID1698,1,normal
1,1708,ID1709,1,normal
1,1709,ID1710,1,normal
1,1710,ID1711,1,normal
1,1711,ID1712,1,normal
1,1712,ID1713,1,normal
1,1716,ID1717,1,normal
1,1721,ID1722,1,normal
1,1722,ID1723,1,normal
1,1724,ID1725,1,high
1,1725,ID1726,1,normal
1,1729,ID1730,1,normal
1,1733,ID1734,1,normal
1,1735,ID1736,1,normal
1,1736,ID1737,1,normal
1,1745,ID1746,1,normal
1,1748,ID1749,1,normal
1,1750,ID1751,1,normal
1,1767,ID1768,1,high
1,1768,ID1769,1,normal
1,1773,ID1774,1,normal
1,1776,ID1777,1,high
1,1779,ID1780,1,normal
1,1780,ID1781,1,high
1,1782,ID1783,1,low
1,1783,ID1784,1,high
1,1795,ID1796,1,normal
1,1796,ID1797,1,normal
1,1798,ID1799,1,normal
1,1801,ID1802,1,low
1,1806,ID1807,1,normal
1,1807,ID1808,1,normal
1,1808,ID1809,1,normal
1,1811,ID1812,1,normal
1,1813,ID1814,1,normal
1,1814,ID1815,1,normal
1,1820,ID1821,1,high
1,1821,ID1822,1,normal
1,1823,ID1824,1,normal
1,1828,ID1829,1,normal
1,1831,ID1832,1,normal
1,1833,ID1834,1,normal
1,1835,ID1836,1,normal
1,1839,ID1840,1,normal
1,1842,ID1843,1,normal
1,1845,ID1846,1,normal
1,1846,ID1847,1,normal
1,1848,ID1849,1,low
1,1849,ID1850,1,normal
1,1850,ID1851,1,normal
1,1853,ID1854,1,normal
1,1859,ID1860,1,normal
1,1861,ID1862,1,normal
1,1863,ID1864,1,normal
1,1867,ID1868,1,high
1,1869,ID1870,1,normal
1,1870,ID1871,1,normal
1,1872,ID1873,1,normal
1,1873,ID1874,1,normal
1,1875,ID1876,1,normal
1,1879,ID1880,1,normal
1,1880,ID1881,1,normal
1,1883,ID1884,1,normal
1,1884,ID1885,1,normal
1,1885,ID1886,1,normal
1,1888,ID1889,1,normal
1,1891,ID1892,1,normal
1,1893,ID1894,1,normal
1,1894,ID1895,1,high
1,1898,ID1899,1,normal
1,1903,ID1904,1,normal
1,1906,ID1907,1,normal
1,1907,ID1908,1,normal
1,1912,ID1913,1,normal
1,1913,ID1914,1,normal
1,1914,ID1915,1,normal
1,1919,ID1920,1,normal
1,1920,ID1921,1,low
1,1923,ID1924,1,normal
1,1925,ID1926,1,normal
1,1926,ID1927,1,normal
1,1932,ID1933,1,normal
1,1934,ID1935,1,normal
1,1935,ID1936,1,normal
1,1936,ID1937,1,high
1,1937,ID1938,1,normal
1,1945,ID1946,1,normal
1,1947,ID1948,1,normal
1,1948,ID1949,1,normal
1,1952,ID1953,1,low
1,1953,ID1954,1,normal
1,1956,ID1957,1,normal
1,1963,ID1964,1,normal
1,1977,ID1978,1,high
1,1978,ID1979,1,normal
1,1979,ID1980,1,normal
1,1981,ID1982,1,normal
1,1982,ID1983,1,normal
1,1983,ID1984,1,normal
1,1995,ID1996,1,normal
1,1997,ID1998,1,normal
1,1998,ID1999,1,normal
1,2009,ID2010,1,normal
1,2012,ID2013,1,normal
1,2013,ID2014,1,normal
1,2014,ID2015,1,normal
1,2019,ID2020,1,normal
1,2035,ID2036,1,normal
1,2042,ID2043,1,normal
1,2045,ID2046,1,normal
1,2047,ID2048,1,normal
1,2048,ID2049,1,normal
1,2050,ID2051,1,normal
1,2051,ID2052,1,normal
1,2053,ID2054,1,normal
1,2054,ID2055,1,normal
1,2055,ID2056,1,normal
1,2058,ID2059,1,normal
1,2059,ID2060,1,normal
1,2067,ID2068,1,normal
1,2073,ID2074,1,normal
1,2081,ID2082,1,normal
1,2082,ID2083,1,normal
1,2083,ID2084,1,normal
1,2084,ID2085,1,normal
1,2085,ID2086,1,normal
1,2088,ID2089,1,normal
1,2089,ID2090,1,normal
1,2097,ID2098,1,low
1,2100,ID2101,1,normal
1,2101,ID2102,1,normal
1,2103,ID2104,1,normal
1,2109,ID2110,1,normal
1,2111,ID2112,1,high
1,2114,ID2115,1,normal
1,2116,ID2117,1,high
1,2118,ID2119,1,normal
1,2119,ID2120,1,low
1,2122,ID2123,1,normal
1,2123,ID2124,1,low
1,2124,ID2125,1,low
1,2126,ID2127,1,normal
1,2128,ID2129,1,normal
1,2129,ID2130,1,normal
1,2132,ID2133,1,low
1,2136,ID2137,1,high
1,2137,ID2138,1,normal
1,2145,ID2146,1,normal
1,2147,ID2148,1,normal
1,2152,ID2153,1,high
1,2155,ID2156,1,normal
1,2163,ID2164,1,normal
1,2167,ID2168,1,normal
1,2169,ID2170,1,normal
1,2176,ID2177,1,low
1,2178,ID2179,1,high
1,2185,ID2186,1,high
1,2191,ID2192,1,normal
1,2192,ID2193,1,normal
1,2197,ID2198,1,normal
1,2200,ID2201,1,normal
1,2201,ID2202,1,normal
1,2205,ID2206,1,normal
1,2209,ID2210,1,high
1,2210,ID2211,1,normal
1,2213,ID2214,1,normal
1,2215,ID2216,1,normal
1,2225,ID2226,1,normal
1,2229,ID2230,1,normal
1,2231,ID2232,1,normal
1,2232,ID2233,1,normal
1,2233,ID2234,1,normal
1,2238,ID2239,1,normal
1,2239,ID2240,1,normal
1,2240,ID2241,1,normal
1,2243,ID2244,1,normal
1,2247,ID2248,1,normal
1,2248,ID2249,1,normal
1,2250,ID2251,1,high
1,2252,ID2253,1,normal
1,2256,ID2257,1,high
1,2258,ID2259,1,normal
1,2263,ID2264,1,normal
1,2266,ID2267,1,normal
1,2268,ID2269,1,normal
1,2270,ID2271,1,normal
1,2272,ID2273,1,high
1,2275,ID2276,1,normal
1,2276,ID2277,1,normal
1,2278,ID2279,1,normal
1,2279,ID2280,1,high
1,2285,ID2286,1,normal
1,2286,ID2287,1,normal
1,2289,ID2290,1,normal
1,2294,ID2295,1,normal
1,2295,ID2296,1,normal
1,2300,ID2301,1,normal
1,2302,ID2303,1,normal
1,2304,ID2305,1,normal
1,2306,ID2307,1,high
1,2307,ID2308,1,normal
1,2308,ID2309,1,normal
1,2310,ID2311,1,normal
1,2314,ID2315,1,normal
1,2318,ID2319,1,normal
1,2319,ID2320,1,normal
1,2321,ID2322,1,normal
1,2323,ID2324,1,normal
1,2326,ID2327,1,normal
1,2330,ID2331,1,normal
1,2331,ID2332,1,normal
1,2332,ID2333,1,normal
1,2348,ID2349,1,normal
1,2350,ID2351,1,normal
1,2355,ID2356,1,normal
1,2356,ID2357,1,normal
1,2359,ID2360,1,normal
1,2365,ID2366,1,normal
1,2366,ID2367,1,normal
1,2369,ID2370,1,normal
1,2370,ID2371,1,normal
1,2371,ID2372,1,high
1,2372,ID2373,1,normal
1,2374,ID2375,1,normal
1,2377,ID2378,1,normal
1,2378,ID2379,1,high
1,2379,ID2380,1,normal
1,2387,ID2388,1,normal
1,2388,ID2389,1,normal
1,2389,ID2390,1,normal
1,2395,ID2396,1,normal
1,2397,ID2398,1,normal
1,2398,ID2399,1,normal
1,2401,ID2402,1,normal
1,2402,ID2403,1,normal
1,2404,ID2405,1,normal
1,2409,ID2410,1,normal
1,2413,ID2414,1,normal
1,2418,ID2419,1,normal
1,2422,ID2423,1,normal
1,2424,ID2425,1,normal
1,2425,ID2426,1,normal
1,2426,ID2427,1,normal
1,2429,ID2430,1,normal
1,2433,ID2434,1,normal
1,2438,ID2439,1,high
1,2441,ID2442,1,normal
1,2443,ID2444,1,normal
1,2444,ID2445,1,normal
1,2446,ID2447,1,normal
1,2447,ID2448,1,normal
1,2448,ID2449,1,normal
1,2451,ID2452,1,normal
1,2455,ID2456,1,normal
1,2457,ID2458,1,normal
1,2470,ID2471,1,normal
1,2473,ID2474,1,normal
1,2474,ID2475,1,normal
1,2475,ID2476,1,normal
1,2482,ID2483,1,normal
1,2487,ID2488,1,normal
1,2492,ID2493,1,normal
1,2493,ID2494,1,normal
1,2494,ID2495,1,normal
1,2496,ID2497,1,normal
1,2499,ID2500,1,normal
1,2500,ID2501,1,normal
1,2501,ID2502,1,normal
1,2504,ID2505,1,normal
1,2516,ID2517,1,normal
1,2517,ID2518,1,normal
1,2523,ID2524,1,normal
1,2524,ID2525,1,normal
1,2530,ID2531,1,normal
1,2531,ID2532,1,normal
1,2536,ID2537,1,normal
1,2544,ID2545,1,normal
1,2546,ID2547,1,normal
1,2548,ID2549,1,low
1,2551,ID2552,1,normal
1,2553,ID2554,1,normal
1,2561,ID2562,1,low
1,2565,ID2566,1,normal
1,2566,ID2567,1,normal
1,2567,ID2568,1,high
1,2569,ID2570,1,normal
1,2571,ID2572,1,normal
1,2572,ID2573,1,normal
1,2579,ID2580,1,normal
1,2583,ID2584,1,high
1,2584,ID2585,1,normal
1,2589,ID2590,1,normal
1,2591,ID2592,1,normal
1,2592,ID2593,1,normal
1,2597,ID2598,1,normal
1,2599,ID2600,1,normal
1,2601,ID2602,1,normal
1,2603,ID2604,1,normal
1,2608,ID2609,1,high
1,2612,ID2613,1,normal
1,2619,ID2620,1,normal
1,2621,ID2622,1,high
1,2623,ID2624,1,normal
1,2625,ID2626,1,normal
1,2629,ID2630,1,normal
1,2633,ID2634,1,high
1,2637,ID2638,1,normal
1,2639,ID2640,1,normal
1,2644,ID2645,1,normal
1,2651,ID2652,1,normal
1,2652,ID2653,1,normal
1,2654,ID2655,1,normal
1,2655,ID2656,1,normal
1,2661,ID2662,1,normal
1,2663,ID2664,1,normal
1,2669,ID2670,1,normal
1,2670,ID2671,1,normal
1,2671,ID2672,1,normal
1,2672,ID2673,1,normal
1,2674,ID2675,1,normal
1,2681,ID2682,1,normal
1,2682,ID2683,1,normal
1,2683,ID2684,1,normal
1,2685,ID2686,1,normal
1,2690,ID2691,1,normal
1,2694,ID2695,1,normal
1,2701,ID2702,1,normal
1,2704,ID2705,1,normal
1,2707,ID2708,1,normal
1,2708,ID2709,1,normal
1,2709,ID2710,1,normal
1,2711,ID2712,1,normal
1,2712,ID2713,1,normal
1,2719,ID2720,1,normal
1,2720,ID2721,1,normal
1,2721,ID2722,1,normal
1,2724,ID2725,1,high
1,2727,ID2728,1,normal
1,2728,ID2729,1,normal
1,2730,ID2731,1,normal
1,2735,ID2736,1,normal
1,2736,ID2737,1,normal
1,2737,ID2738,1,normal
1,2739,ID2740,1,normal
1,2740,ID2741,1,normal
1,2742,ID2743,1,normal
1,2749,ID2750,1,normal
1,2750,ID2751,1,normal
1,2753,ID2754,1,normal
1,2756,ID2757,1,normal
1,2757,ID2758,1,normal
1,2758,ID2759,1,high
1,2760,ID2761,1,normal
1,2763,ID2764,1,normal
1,2768,ID2769,1,normal
1,2774,ID2775,1,normal
1,2781,ID2782,1,normal
1,2791,ID2792,1,normal
1,2797,ID2798,1,normal
1,2800,ID2801,1,normal
1,2803,ID2804,1,normal
1,2804,ID2805,1,normal
1,2808,ID2809,1,normal
1,2810,ID2811,1,normal
1,2812,ID2813,1,normal
1,2815,ID2816,1,high
1,2818,ID2819,1,normal
1,2819,ID2820,1,normal
1,2820,ID2821,1,normal
1,2821,ID2822,1,normal
1,2826,ID2827,1,normal
1,2827,ID2828,1,normal
1,2828,ID2829,1,normal
1,2829,ID2830,1,high
1,2834,ID2835,1,normal
1,2836,ID2837,1,normal
1,2838,ID2839,1,normal
1,2841,ID2842,1,normal
1,2846,ID2847,1,normal
1,2847,ID2848,1,normal
1,2849,ID2850,1,normal
1,2850,ID2851,1,normal
1,2853,ID2854,1,high
1,2855,ID2856,1,normal
1,2857,ID2858,1,normal
1,2860,ID2861,1,normal
1,2863,ID2864,1,normal
1,2867,ID2868,1,normal
1,2868,ID2869,1,high
1,2871,ID2872,1,normal
1,2874,ID2875,1,normal
1,2877,ID2878,1,normal
1,2879,ID2880,1,normal
1,2883,ID2884,1,normal
1,2884,ID2885,1,normal
1,2885,ID2886,1,normal
1,2886,ID2887,1,normal
1,2890,ID2891,1,normal
1,2893,ID2894,1,normal
1,2894,ID2895,1,normal
1,2895,ID2896,1,normal
1,2899,ID2900,1,normal
1,2905,ID2906,1,normal
1,2914,ID2915,1,normal
1,2917,ID2918,1,normal
1,2919,ID2920,1,normal
1,2921,ID2922,1,normal
1,2923,ID2924,1,normal
1,2927,ID2928,1,normal
1,2928,ID2929,1,normal
1,2929,ID2930,1,normal
1,2935,ID2936,1,normal
1,2938,ID2939,1,normal
1,2944,ID2945,1,normal
1,2948,ID2949,1,normal
1,2951,ID2952,1,normal
1,2953,ID2954,1,normal
1,2956,ID2957,1,normal
1,2957,ID2958,1,normal
1,2964,ID2965,1,normal
1,2965,ID2966,1,normal
1,2972,ID2973,1,normal
1,2975,ID2976,1,normal
1,2987,ID2988,1,normal
1,2991,ID2992,1,normal
1,2994,ID2995,1,normal
1,3000,ID3001,1,normal
1,3001,ID3002,1,normal
1,3002,ID3003,1,normal
1,3003,ID3004,1,normal
1,3009,ID3010,1,normal
1,3011,ID3012,1,normal
1,3012,ID3013,1,normal
1,3013,ID3014,1,high
1,3014,ID3015,1,high
1,3016,ID3017,1,normal
1,3019,ID3020,1,normal
1,3023,ID3024,1,high
1,3027,ID3028,1,normal
1,3029,ID3030,1,normal
1,3034,ID3035,1,normal
1,3035,ID3036,1,normal
1,3036,ID3037,1,normal
1,3037,ID3038,1,normal
1,3038,ID3039,1,normal
1,3042,ID3043,1,normal
1,3043,ID3044,1,normal
1,3044,ID3045,1,normal
1,3046,ID3047,1,normal
1,3048,ID3049,1,normal
1,3050,ID3051,1,normal
1,3052,ID3053,1,normal
1,3054,ID3055,1,normal
1,3056,ID3057,1,normal
1,3062,ID3063,1,high
1,3063,ID3064,1,normal
1,3064,ID3065,1,normal
1,3071,ID3072,1,normal
1,3077,ID3078,1,normal
1,3078,ID3079,1,normal
1,3080,ID3081,1,normal
1,3081,ID3082,1,normal
1,3082,ID3083,1,normal
1,3087,ID3088,1,normal
1,3092,ID3093,1,normal
1,3094,ID3095,1,normal
1,3104,ID3105,1,normal
1,3106,ID3107,1,normal
1,3111,ID3112,1,normal
1,3112,ID3113,1,high
1,3114,ID3115,1,normal
1,3115,ID3116,1,normal
1,3116,ID3117,1,normal
1,3118,ID3119,1,normal
1,3119,ID3120,1,normal
1,3121,ID3122,1,normal
1,3126,ID3127,1,normal
1,3127,ID3128,1,normal
1,3129,ID3130,1,normal
1,3130,ID3131,1,normal
1,3131,ID3132,1,normal
1,3134,ID3135,1,normal
1,3135,ID3136,1,normal
1,3139,ID3140,1,normal
1,3142,ID3143,1,normal
1,3145,ID3146,1,normal
1,3156,ID3157,1,normal
1,3157,ID3158,1,normal
1,3160,ID3161,1,normal
1,3163,ID3164,1,normal
1,3169,ID3170,1,normal
1,3170,ID3171,1,normal
1,3171,ID3172,1,normal
1,3173,ID3174,1,normal
1,3175,ID3176,1,normal
1,3177,ID3178,1,high
1,3179,ID3180,1,low
1,3180,ID3181,1,normal
1,3182,ID3183,1,normal
1,3183,ID3184,1,normal
1,3185,ID3186,1,normal
1,3186,ID3187,1,normal
1,3189,ID3190,1,normal
1,3193,ID3194,1,normal
1,3195,ID3196,1,normal
1,3196,ID3197,1,normal
1,3197,ID3198,1,normal
1,3199,ID3200,1,normal
1,3200,ID3201,1,normal
1,3201,ID3202,1,normal
1,3203,ID3204,1,normal
1,3204,ID3205,1,normal
1,3205,ID3206,1,normal
1,3211,ID3212,1,normal
1,3217,ID3218,1,normal
1,3222,ID3223,1,normal
1,3225,ID3226,1,normal
1,3227,ID3228,1,normal
1,3231,ID3232,1,normal
1,3242,ID3243,1,normal
1,3245,ID3246,1,normal
1,3246,ID3247,1,normal
1,3249,ID3250,1,high
1,3250,ID3251,1,normal
1,3253,ID3254,1,normal
1,3254,ID3255,1,normal
1,3258,ID3259,1,normal
1,3260,ID3261,1,normal
1,3262,ID3263,1,normal
1,3264,ID3265,1,normal
1,3265,ID3266,1,normal
1,3270,ID3271,1,normal
1,3271,ID3272,1,normal
1,3272,ID3273,1,normal
1,3279,ID3280,1,normal
1,3284,ID3285,1,normal
1,3285,ID3286,1,normal
1,3287,ID3288,1,normal
1,3293,ID3294,1,normal
1,3294,ID3295,1,normal
1,3295,ID3296,1,normal
1,3296,ID3297,1,normal
1,3300,ID3301,1,normal
1,3301,ID3302,1,normal
1,3304,ID3305,1,normal
1,3305,ID3306,1,normal
1,3306,ID3307,1,high
1,3309,ID3310,1,normal
1,3310,ID3311,1,normal
1,3311,ID3312,1,normal
1,3317,ID3318,1,low
1,3319,ID3320,1,normal
1,3322,ID3323,1,normal
1,3323,ID3324,1,normal
1,3324,ID3325,1,normal
1,3327,ID3328,1,normal
1,3329,ID3330,1,normal
1,3331,ID3332,1,normal
1,3339,ID3340,1,normal
1,3344,ID3345,1,normal
1,3346,ID3347,1,normal
1,3347,ID3348,1,normal
1,3352,ID3353,1,normal
1,3355,ID3356,1,normal
1,3361,ID3362,1,normal
1,3364,ID3365,1,normal
1,3366,ID3367,1,normal
1,3367,ID3368,1,normal
1,3370,ID3371,1,normal
1,3372,ID3373,1,normal
1,3373,ID3374,1,normal
1,3374,ID3375,1,normal
1,3375,ID3376,1,high
1,3376,ID3377,1,normal
1,3381,ID3382,1,normal
1,3384,ID3385,1,high
1,3385,ID3386,1,normal
1,3388,ID3389,1,normal
1,3392,ID3393,1,normal
1,3396,ID3397,1,normal
1,3397,ID3398,1,normal
1,3399,ID3400,1,normal
1,3400,ID3401,1,normal
1,3407,ID3408,1,normal
1,3408,ID3409,1,normal
1,3415,ID3416,1,normal
1,3416,ID3417,1,normal
1,3420,ID3421,1,normal
1,3423,ID3424,1,normal
1,3424,ID3425,1,normal
1,3427,ID3428,1,normal
1,3428,ID3429,1,normal
1,3430,ID3431,1,normal
1,3435,ID3436,1,normal
1,3436,ID3437,1,normal
1,3437,ID3438,1,high
1,3438,ID3439,1,high
1,3439,ID3440,1,normal
1,3448,ID3449,1,normal
1,3450,ID3451,1,normal
1,3456,ID3457,1,high
1,3460,ID3461,1,normal
1,3463,ID3464,1,normal
1,3467,ID3468,1,normal
1,3481,ID3482,1,normal
1,3483,ID3484,1,normal
1,3489,ID3490,1,normal
1,3494,ID3495,1,normal
1,3496,ID3497,1,normal
1,3497,ID3498,1,normal
1,3500,ID3501,1,normal
1,3501,ID3502,1,high
1,3502,ID3503,1,normal
1,3504,ID3505,1,normal
1,3508,ID3509,1,normal
1,3513,ID3514,1,normal
1,3517,ID3518,1,normal
1,3518,ID3519,1,normal
1,3523,ID3524,1,normal
1,3524,ID3525,1,normal
1,3528,ID3529,1,normal
1,3530,ID3531,1,normal
1,3536,ID3537,1,normal
1,3543,ID3544,1,high
1,3548,ID3549,1,normal
1,3549,ID3550,1,normal
1,3551,ID3552,1,normal
1,3552,ID3553,1,normal
1,3556,ID3557,1,normal
1,3566,ID3567,1,normal
1,3567,ID3568,1,normal
1,3569,ID3570,1,normal
1,3572,ID3573,1,normal
1,3574,ID3575,1,low
1,3577,ID3578,1,normal
1,3579,ID3580,1,normal
1,3580,ID3581,1,normal
1,3582,ID3583,1,normal
1,3583,ID3584,1,normal
1,3584,ID3585,1,normal
1,3586,ID3587,1,normal
1,3590,ID3591,1,normal
1,3592,ID3593,1,normal
1,3593,ID3594,1,normal
1,3597,ID3598,1,normal
1,3599,ID3600,1,high
1,3600,ID3601,1,normal
1,3603,ID3604,1,normal
1,3608,ID3609,1,normal
1,3610,ID3611,1,normal
1,3611,ID3612,1,normal
1,3613,ID3614,1,normal
1,3614,ID3615,1,normal
1,3615,ID3616,1,normal
1,3616,ID3617,1,normal
1,3617,ID3618,1,normal
1,3618,ID3619,1,normal
1,3628,ID3629,1,normal
1,3633,ID3634,1,normal
1,3640,ID3641,1,normal
1,3641,ID3642,1,normal
1,3645,ID3646,1,normal
1,3647,ID3648,1,normal
1,3652,ID3653,1,normal
1,3664,ID3665,1,high
1,3668,ID3669,1,normal
1,3669,ID3670,1,normal
1,3670,ID3671,1,normal
1,3674,ID3675,1,normal
1,3678,ID3679,1,normal
1,3681,ID3682,1,normal
1,3682,ID3683,1,normal
1,3684,ID3685,1,normal
1,3685,ID3686,1,normal
1,3686,ID3687,1,normal
1,3689,ID3690,1,normal
1,3690,ID3691,1,normal
1,3691,ID3692,1,normal
1,3692,ID3693,1,normal
1,3698,ID3699,1,normal
1,3704,ID3705,1,normal
1,3705,ID3706,1,normal
1,3708,ID3709,1,normal
1,3710,ID3711,1,normal
1,3711,ID3712,1,normal
1,3720,ID3721,1,normal
1,3722,ID3723,1,high
1,3723,ID3724,1,normal
1,3728,ID3729,1,normal
1,3731,ID3732,1,normal
1,3734,ID3735,1,normal
1,3737,ID3738,1,normal
1,3739,ID3740,1,normal
1,3740,ID3741,1,normal
1,3742,ID3743,1,normal
1,3743,ID3744,1,normal
1,3744,ID3745,1,normal
1,3745,ID3746,1,high
1,3747,ID3748,1,normal
1,3753,ID3754,1,normal
1,3755,ID3756,1,normal
1,3757,ID3758,1,normal
1,3759,ID3760,1,high
1,3760,ID3761,1,normal
1,3765,ID3766,1,normal
1,3767,ID3768,1,normal
1,3768,ID3769,1,normal
1,3770,ID3771,1,normal
1,3771,ID3772,1,normal
1,3772,ID3773,1,normal
1,3782,ID3783,1,high
1,3788,ID3789,1,high
1,3790,ID3791,1,normal
1,3791,ID3792,1,high
1,3795,ID3796,1,normal
1,3796,ID3797,1,normal
1,3797,ID3798,1,normal
1,3800,ID3801,1,normal
1,3808,ID3809,1,normal
1,3810,ID3811,1,normal
1,3818,ID3819,1,high
1,3819,ID3820,1,normal
1,3822,ID3823,1,normal
1,3823,ID3824,1,normal
1,3825,ID3826,1,normal
1,3826,ID3827,1,normal
1,3828,ID3829,1,normal
1,3832,ID3833,1,normal
1,3833,ID3834,1,normal
1,3840,ID3841,1,normal
1,3841,ID3842,1,normal
1,3843,ID3844,1,normal
1,3849,ID3850,1,normal
1,3851,ID3852,1,normal
1,3853,ID3854,1,normal
1,3855,ID3856,1,normal
1,3858,ID3859,1,normal
1,3866,ID3867,1,normal
1,3870,ID3871,1,normal
1,3871,ID3872,1,normal
1,3873,ID3874,1,normal
1,3875,ID3876,1,high
1,3880,ID3881,1,high
1,3881,ID3882,1,normal
1,3882,ID3883,1,normal
1,3885,ID3886,1,normal
1,3887,ID3888,1,normal
1,3889,ID3890,1,normal
1,3890,ID3891,1,normal
1,3891,ID3892,1,normal
1,3896,ID3897,1,normal
1,3897,ID3898,1,normal
1,3904,ID3905,1,high
1,3906,ID3907,1,normal
1,3907,ID3908,1,low
1,3908,ID3909,1,normal
1,3912,ID3913,1,normal
1,3913,ID3914,1,normal
1,3915,ID3916,1,normal
1,3918,ID3919,1,normal
1,3921,ID3922,1,normal
1,3922,ID3923,1,normal
1,3928,ID3929,1,normal
1,3933,ID3934,1,normal
1,3935,ID3936,1,normal
1,3936,ID3937,1,normal
1,3938,ID3939,1,normal
1,3940,ID3941,1,normal
1,3943,ID3944,1,normal
1,3944,ID3945,1,normal
1,3946,ID3947,1,normal
1,3948,ID3949,1,normal
1,3951,ID3952,1,normal
1,3954,ID3955,1,normal
1,3974,ID3975,1,normal
1,3976,ID3977,1,normal
1,3977,ID3978,1,normal
1,3981,ID3982,1,normal
1,3984,ID3985,1,normal
1,3985,ID3986,1,normal
1,3990,ID3991,1,normal
1,3991,ID3992,1,normal
1,3997,ID3998,1,normal
1,3999,ID4000,1,normal
1,4003,ID4004,1,normal
1,4004,ID4005,1,normal
1,4007,ID4008,1,normal
1,4010,ID4011,1,normal
1,4013,ID4014,1,normal
1,4014,ID4015,1,normal
1,4020,ID4021,1,normal
1,4021,ID4022,1,normal
1,4023,ID4024,1,normal
1,4024,ID4025,1,normal
1,4025,ID4026,1,normal
1,4027,ID4028,1,high
1,4034,ID4035,1,normal
1,4035,ID4036,1,normal
1,4037,ID4038,1,normal
1,4038,ID4039,1,normal
1,4044,ID4045,1,normal
1,4045,ID4046,1,normal
1,4046,ID4047,1,normal
1,4047,ID4048,1,normal
1,4052,ID4053,1,normal
1,4053,ID4054,1,normal
1,4054,ID4055,1,normal
1,4056,ID4057,1,normal
1,4059,ID4060,1,normal
1,4060,ID4061,1,normal
1,4061,ID4062,1,normal
2,30,ID0031,2,normal
2,153,ID0154,2,normal
2,198,ID0199,2,normal
2,247,ID0248,2,normal
2,263,ID0264,2,high
2,327,ID0328,2,low
2,344,ID0345,2,normal
2,441,ID0442,2,normal
2,452,ID0453,2,normal
2,561,ID0562,2,normal
2,638,ID0639,2,normal
2,700,ID0701,2,normal
2,750,ID0751,2,high
2,770,ID0771,2,normal
2,871,ID0872,2,normal
2,872,ID0873,2,normal
2,877,ID0878,2,normal
2,878,ID0879,2,low
2,885,ID0886,2,normal
2,896,ID0897,2,high
2,951,ID0952,2,normal
2,952,ID0953,2,normal
2,967,ID0968,2,normal
2,1028,ID1029,2,normal
2,1104,ID1105,2,normal
2,1139,ID1140,2,normal
2,1147,ID1148,2,high
2,1177,ID1178,2,normal
2,1187,ID1188,2,high
2,1201,ID1202,2,normal
2,1220,ID1221,2,normal
2,1248,ID1249,2,normal
2,1266,ID1267,2,normal
2,1274,ID1275,2,normal
2,1304,ID1305,2,normal
2,1318,ID1319,2,normal
2,1333,ID1334,2,normal
2,1356,ID1357,2,normal
2,1369,ID1370,2,normal
2,1378,ID1379,2,normal
2,1393,ID1394,2,normal
2,1395,ID1396,2,normal
2,1408,ID1409,2,normal
2,1412,ID1413,2,normal
2,1478,ID1479,2,normal
2,1568,ID1569,2,normal
2,1580,ID1581,2,normal
2,1585,ID1586,2,normal
2,1618,ID1619,2,normal
2,1640,ID1641,2,normal
2,1672,ID1673,2,normal
2,1689,ID1690,2,normal
2,1699,ID1700,2,normal
2,1704,ID1705,2,normal
2,1707,ID1708,2,normal
2,1742,ID1743,2,high
2,1763,ID1764,2,normal
2,1855,ID1856,2,normal
2,1876,ID1877,2,normal
2,1877,ID1878,2,normal
2,1904,ID1905,2,normal
2,1924,ID1925,2,normal
2,1962,ID1963,2,low
2,2002,ID2003,2,normal
2,2043,ID2044,2,normal
2,2078,ID2079,2,normal
2,2127,ID2128,2,normal
2,2135,ID2136,2,normal
2,2160,ID2161,2,normal
2,2165,ID2166,2,normal
2,2166,ID2167,2,high
2,2174,ID2175,2,normal
2,2186,ID2187,2,normal
2,2190,ID2191,2,normal
2,2193,ID2194,2,high
2,2226,ID2227,2,normal
2,2237,ID2238,2,normal
2,2259,ID2260,2,normal
2,2311,ID2312,2,high
2,2320,ID2321,2,normal
2,2354,ID2355,2,normal
2,2361,ID2362,2,low
2,2364,ID2365,2,normal
2,2384,ID2385,2,normal
2,2399,ID2400,2,normal
2,2461,ID2462,2,high
2,2464,ID2465,2,normal
2,2509,ID2510,2,normal
2,2537,ID2538,2,normal
2,2539,ID2540,2,normal
2,2541,ID2542,2,low
2,2585,ID2586,2,normal
2,2613,ID2614,2,high
2,2648,ID2649,2,normal
2,2649,ID2650,2,normal
2,2675,ID2676,2,normal
2,2686,ID2687,2,normal
2,2718,ID2719,2,normal
2,2722,ID2723,2,normal
2,2723,ID2724,2,normal
2,2726,ID2727,2,normal
2,2792,ID2793,2,normal
2,2830,ID2831,2,normal
2,2930,ID2931,2,normal
2,2931,ID2932,2,normal
2,2934,ID2935,2,normal
2,2967,ID2968,2,normal
2,2993,ID2994,2,normal
2,3095,ID3096,2,normal
2,3101,ID3102,2,normal
2,3113,ID3114,2,normal
2,3218,ID3219,2,normal
2,3236,ID3237,2,normal
2,3273,ID3274,2,normal
2,3275,ID3276,2,normal
2,3343,ID3344,2,normal
2,3391,ID3392,2,normal
2,3455,ID3456,2,normal
2,3485,ID3486,2,normal
2,3493,ID3494,2,normal
2,3554,ID3555,2,high
2,3667,ID3668,2,high
2,3677,ID3678,2,normal
2,3786,ID3787,2,normal
2,3815,ID3816,2,normal
2,3895,ID3896,2,normal
2,3898,ID3899,2,normal
2,3925,ID3926,2,high
2,3998,ID3999,2,low
2,4005,ID4006,2,normal
2,4006,ID4007,2,normal
2,4055,ID4056,2,normal
3,37,ID0038,3,normal
3,123,ID0124,3,normal
3,197,ID0198,3,high
3,411,ID0412,3,normal
3,481,ID0482,3,normal
3,488,ID0489,3,normal
3,842,ID0843,3,normal
3,1500,ID1501,3,normal
3,1501,ID1502,3,normal
3,1502,ID1503,3,normal
3,1652,ID1653,3,high
3,1671,ID1672,3,normal
3,1764,ID1765,3,normal
3,1766,ID1767,3,normal
3,2157,ID2158,3,normal
3,2196,ID2197,3,normal
3,2338,ID2339,3,normal
3,2339,ID2340,3,normal
3,2351,ID2352,3,normal
3,2557,ID2558,3,normal
3,2640,ID2641,3,normal
3,3109,ID3110,3,normal
3,3120,ID3121,3,normal
3,3202,ID3203,3,high
3,3758,ID3759,3,normal
3,3863,ID3864,3,normal
4,1,ID0002,4,normal
4,7,ID0008,4,normal
4,10,ID0011,4,normal
4,11,ID0012,4,high
4,12,ID0013,4,normal
4,17,ID0018,4,high
4,18,ID0019,4,normal
4,19,ID0020,4,normal
4,25,ID0026,4,normal
4,26,ID0027,4,normal
4,38,ID0039,4,high
4,40,ID0041,4,normal
4,41,ID0042,4,normal
4,42,ID0043,4,high
4,43,ID0044,4,normal
4,44,ID0045,4,normal
4,49,ID0050,4,normal
4,50,ID0051,4,normal
4,53,ID0054,4,normal
4,55,ID0056,4,normal
4,56,ID0057,4,normal
4,57,ID0058,4,normal
4,61,ID0062,4,normal
4,62,ID0063,4,normal
4,65,ID0066,4,high
4,66,ID0067,4,normal
4,67,ID0068,4,normal
4,70,ID0071,4,normal
4,74,ID0075,4,normal
4,78,ID0079,4,normal
4,80,ID0081,4,normal
4,81,ID0082,4,normal
4,82,ID0083,4,normal
4,83,ID0084,4,normal
4,84,ID0085,4,normal
4,86,ID0087,4,normal
4,87,ID0088,4,normal
4,88,ID0089,4,normal
4,90,ID0091,4,normal
4,91,ID0092,4,normal
4,92,ID0093,4,normal
4,93,ID0094,4,normal
4,102,ID0103,4,high
4,103,ID0104,4,high
4,109,ID0110,4,normal
4,111,ID0112,4,normal
4,113,ID0114,4,normal
4,114,ID0115,4,normal
4,115,ID0116,4,normal
4,120,ID0121,4,normal
4,124,ID0125,4,normal
4,125,ID0126,4,normal
4,127,ID0128,4,normal
4,128,ID0129,4,normal
4,129,ID0130,4,normal
4,132,ID0133,4,normal
4,134,ID0135,4,normal
4,135,ID0136,4,normal
4,141,ID0142,4,normal
4,148,ID0149,4,normal
4,151,ID0152,4,normal
4,155,ID0156,4,normal
4,156,ID0157,4,normal
4,157,ID0158,4,normal
4,158,ID0159,4,normal
4,159,ID0160,4,normal
4,164,ID0165,4,normal
4,167,ID0168,4,normal
4,169,ID0170,4,normal
4,172,ID0173,4,normal
4,175,ID0176,4,normal
4,180,ID0181,4,normal
4,182,ID0183,4,normal
4,183,ID0184,4,normal
4,184,ID0185,4,high
4,192,ID0193,4,normal
4,194,ID0195,4,normal
4,195,ID0196,4,normal
4,208,ID0209,4,normal
4,216,ID0217,4,normal
4,218,ID0219,4,normal
4,220,ID0221,4,normal
4,221,ID0222,4,normal
4,226,ID0227,4,normal
4,227,ID0228,4,normal
4,230,ID0231,4,normal
4,233,ID0234,4,normal
4,234,ID0235,4,normal
4,245,ID0246,4,high
4,246,ID0247,4,high
4,249,ID0250,4,normal
4,251,ID0252,4,normal
4,253,ID0254,4,normal
4,254,ID0255,4,high
4,256,ID0257,4,normal
4,257,ID0258,4,normal
4,258,ID0259,4,normal
4,259,ID0260,4,normal
4,261,ID0262,4,normal
4,272,ID0273,4,normal
4,273,ID0274,4,normal
4,275,ID0276,4,normal
4,280,ID0281,4,normal
4,281,ID0282,4,normal
4,289,ID0290,4,normal
4,290,ID0291,4,normal
4,294,ID0295,4,normal
4,295,ID0296,4,high
4,304,ID0305,4,normal
4,306,ID0307,4,high
4,308,ID0309,4,normal
4,312,ID0313,4,normal
4,314,ID0315,4,normal
4,315,ID0316,4,normal
4,317,ID0318,4,normal
4,319,ID0320,4,normal
4,322,ID0323,4,normal
4,326,ID0327,4,normal
4,339,ID0340,4,normal
4,340,ID0341,4,normal
4,341,ID0342,4,normal
4,355,ID0356,4,normal
4,358,ID0359,4,high
4,360,ID0361,4,normal
4,365,ID0366,4,normal
4,369,ID0370,4,high
4,371,ID0372,4,normal
4,372,ID0373,4,normal
4,374,ID0375,4,normal
4,375,ID0376,4,normal
4,377,ID0378,4,normal
4,378,ID0379,4,normal
4,379,ID0380,4,normal
4,383,ID0384,4,normal
4,385,ID0386,4,normal
4,386,ID0387,4,normal
4,387,ID0388,4,normal
4,390,ID0391,4,normal
4,391,ID0392,4,normal
4,392,ID0393,4,normal
4,405,ID0406,4,high
4,413,ID0414,4,normal
4,414,ID0415,4,normal
4,415,ID0416,4,high
4,416,ID0417,4,high
4,417,ID0418,4,normal
4,420,ID0421,4,normal
4,421,ID0422,4,normal
4,423,ID0424,4,normal
4,428,ID0429,4,normal
4,435,ID0436,4,normal
4,436,ID0437,4,normal
4,443,ID0444,4,normal
4,445,ID0446,4,normal
4,448,ID0449,4,normal
4,449,ID0450,4,normal
4,451,ID0452,4,normal
4,455,ID0456,4,normal
4,456,ID0457,4,normal
4,462,ID0463,4,normal
4,463,ID0464,4,normal
4,467,ID0468,4,normal
4,469,ID0470,4,high
4,470,ID0471,4,normal
4,471,ID0472,4,normal
4,474,ID0475,4,normal
4,476,ID0477,4,normal
4,483,ID0484,4,normal
4,484,ID0485,4,normal
4,485,ID0486,4,normal
4,486,ID0487,4,normal
4,493,ID0494,4,normal
4,499,ID0500,4,normal
4,502,ID0503,4,normal
4,503,ID0504,4,normal
4,504,ID0505,4,normal
4,510,ID0511,4,normal
4,512,ID0513,4,normal
4,513,ID0514,4,normal
4,516,ID0517,4,high
4,522,ID0523,4,normal
4,523,ID0524,4,normal
4,530,ID0531,4,normal
4,534,ID0535,4,normal
4,535,ID0536,4,normal
4,539,ID0540,4,normal
4,541,ID0542,4,normal
4,544,ID0545,4,high
4,548,ID0549,4,high
4,552,ID0553,4,normal
4,553,ID0554,4,normal
4,557,ID0558,4,normal
4,560,ID0561,4,normal
4,563,ID0564,4,normal
4,567,ID0568,4,normal
4,570,ID0571,4,normal
4,575,ID0576,4,normal
4,577,ID0578,4,normal
4,578,ID0579,4,normal
4,579,ID0580,4,normal
4,585,ID0586,4,normal
4,586,ID0587,4,normal
4,590,ID0591,4,normal
4,592,ID0593,4,normal
4,597,ID0598,4,normal
4,606,ID0607,4,normal
4,608,ID0609,4,normal
4,610,ID0611,4,normal
4,614,ID0615,4,normal
4,616,ID0617,4,normal
4,619,ID0620,4,normal
4,620,ID0621,4,normal
4,625,ID0626,4,normal
4,630,ID0631,4,normal
4,632,ID0633,4,normal
4,640,ID0641,4,normal
4,645,ID0646,4,normal
4,646,ID0647,4,normal
4,653,ID0654,4,normal
4,655,ID0656,4,normal
4,663,ID0664,4,normal
4,664,ID0665,4,normal
4,665,ID0666,4,normal
4,670,ID0671,4,normal
4,671,ID0672,4,normal
4,672,ID0673,4,normal
4,674,ID0675,4,normal
4,679,ID0680,4,normal
4,682,ID0683,4,normal
4,683,ID0684,4,normal
4,684,ID0685,4,normal
4,685,ID0686,4,high
4,688,ID0689,4,normal
4,691,ID0692,4,normal
4,698,ID0699,4,normal
4,706,ID0707,4,normal
4,707,ID0708,4,normal
4,708,ID0709,4,normal
4,710,ID0711,4,normal
4,712,ID0713,4,normal
4,721,ID0722,4,normal
4,723,ID0724,4,normal
4,729,ID0730,4,normal
4,732,ID0733,4,normal
4,733,ID0734,4,normal
4,735,ID0736,4,normal
4,743,ID0744,4,normal
4,745,ID0746,4,normal
4,746,ID0747,4,normal
4,747,ID0748,4,normal
4,756,ID0757,4,normal
4,760,ID0761,4,normal
4,763,ID0764,4,normal
4,765,ID0766,4,normal
4,768,ID0769,4,high
4,771,ID0772,4,high
4,772,ID0773,4,normal
4,774,ID0775,4,high
4,776,ID0777,4,normal
4,788,ID0789,4,normal
4,799,ID0800,4,normal
4,800,ID0801,4,normal
4,809,ID0810,4,normal
4,813,ID0814,4,normal
4,815,ID0816,4,normal
4,824,ID0825,4,normal
4,827,ID0828,4,normal
4,833,ID0834,4,normal
4,834,ID0835,4,normal
4,839,ID0840,4,normal
4,840,ID0841,4,high
4,841,ID0842,4,normal
4,843,ID0844,4,high
4,847,ID0848,4,normal
4,856,ID0857,4,normal
4,868,ID0869,4,normal
4,869,ID0870,4,normal
4,874,ID0875,4,normal
4,876,ID0877,4,normal
4,879,ID0880,4,normal
4,883,ID0884,4,normal
4,889,ID0890,4,normal
4,891,ID0892,4,normal
4,898,ID0899,4,normal
4,906,ID0907,4,normal
4,907,ID0908,4,normal
4,908,ID0909,4,normal
4,910,ID0911,4,normal
4,915,ID0916,4,normal
4,916,ID0917,4,normal
4,924,ID0925,4,normal
4,927,ID0928,4,normal
4,932,ID0933,4,normal
4,936,ID0937,4,normal
4,937,ID0938,4,normal
4,939,ID0940,4,normal
4,944,ID0945,4,normal
4,953,ID0954,4,normal
4,954,ID0955,4,normal
4,958,ID0959,4,normal
4,964,ID0965,4,high
4,973,ID0974,4,normal
4,975,ID0976,4,normal
4,980,ID0981,4,normal
4,981,ID0982,4,high
4,982,ID0983,4,high
4,984,ID0985,4,normal
4,991,ID0992,4,normal
4,992,ID0993,4,normal
4,993,ID0994,4,normal
4,995,ID0996,4,normal
4,996,ID0997,4,normal
4,1000,ID1001,4,normal
4,1004,ID1005,4,normal
4,1005,ID1006,4,normal
4,1008,ID1009,4,normal
4,1011,ID1012,4,normal
4,1014,ID1015,4,normal
4,1019,ID1020,4,normal
4,1023,ID1024,4,normal
4,1024,ID1025,4,normal
4,1027,ID1028,4,normal
4,1035,ID1036,4,normal
4,1042,ID1043,4,normal
4,1043,ID1044,4,normal
4,1047,ID1048,4,normal
4,1049,ID1050,4,normal
4,1050,ID1051,4,normal
4,1051,ID1052,4,normal
4,1059,ID1060,4,normal
4,1065,ID1066,4,normal
4,1067,ID1068,4,normal
4,1068,ID1069,4,normal
4,1070,ID1071,4,normal
4,1072,ID1073,4,normal
4,1077,ID1078,4,normal
4,1084,ID1085,4,normal
4,1087,ID1088,4,normal
4,1090,ID1091,4,normal
4,1092,ID1093,4,normal
4,1099,ID1100,4,normal
4,1100,ID1101,4,normal
4,1101,ID1102,4,normal
4,1102,ID1103,4,normal
4,1106,ID1107,4,normal
4,1110,ID1111,4,normal
4,1111,ID1112,4,normal
4,1115,ID1116,4,normal
4,1117,ID1118,4,normal
4,1119,ID1120,4,normal
4,1123,ID1124,4,normal
4,1124,ID1125,4,normal
4,1126,ID1127,4,normal
4,1127,ID1128,4,normal
4,1128,ID1129,4,normal
4,1130,ID1131,4,normal
4,1133,ID1134,4,normal
4,1135,ID1136,4,normal
4,1148,ID1149,4,normal
4,1149,ID1150,4,normal
4,1158,ID1159,4,high
4,1159,ID1160,4,normal
4,1161,ID1162,4,normal
4,1163,ID1164,4,normal
4,1164,ID1165,4,high
4,1166,ID1167,4,normal
4,1171,ID1172,4,normal
4,1181,ID1182,4,normal
4,1182,ID1183,4,normal
4,1183,ID1184,4,high
4,1185,ID1186,4,normal
4,1189,ID1190,4,normal
4,1199,ID1200,4,normal
4,1203,ID1204,4,normal
4,1207,ID1208,4,high
4,1211,ID1212,4,normal
4,1212,ID1213,4,normal
4,1216,ID1217,4,normal
4,1222,ID1223,4,normal
4,1225,ID1226,4,normal
4,1226,ID1227,4,normal
4,1228,ID1229,4,normal
4,1236,ID1237,4,normal
4,1237,ID1238,4,normal
4,1238,ID1239,4,normal
4,1243,ID1244,4,normal
4,1246,ID1247,4,normal
4,1251,ID1252,4,normal
4,1253,ID1254,4,normal
4,1254,ID1255,4,normal
4,1255,ID1256,4,normal
4,1257,ID1258,4,normal
4,1259,ID1260,4,normal
4,1268,ID1269,4,normal
4,1270,ID1271,4,normal
4,1272,ID1273,4,high
4,1273,ID1274,4,normal
4,1276,ID1277,4,normal
4,1277,ID1278,4,normal
4,1283,ID1284,4,high
4,1286,ID1287,4,high
4,1288,ID1289,4,normal
4,1289,ID1290,4,normal
4,1296,ID1297,4,normal
4,1306,ID1307,4,normal
4,1307,ID1308,4,normal
4,1311,ID1312,4,normal
4,1312,ID1313,4,normal
4,1313,ID1314,4,normal
4,1320,ID1321,4,normal
4,1327,ID1328,4,normal
4,1328,ID1329,4,normal
4,1332,ID1333,4,normal
4,1337,ID1338,4,normal
4,1339,ID1340,4,normal
4,1341,ID1342,4,normal
4,1347,ID1348,4,normal
4,1351,ID1352,4,normal
4,1352,ID1353,4,normal
4,1353,ID1354,4,normal
4,1355,ID1356,4,normal
4,1357,ID1358,4,normal
4,1358,ID1359,4,normal
4,1359,ID1360,4,normal
4,1361,ID1362,4,normal
4,1372,ID1373,4,normal
4,1373,ID1374,4,normal
4,1376,ID1377,4,high
4,1377,ID1378,4,normal
4,1379,ID1380,4,normal
4,1383,ID1384,4,normal
4,1384,ID1385,4,normal
4,1389,ID1390,4,normal
4,1390,ID1391,4,normal
4,1398,ID1399,4,normal
4,1399,ID1400,4,high
4,1401,ID1402,4,normal
4,1405,ID1406,4,normal
4,1409,ID1410,4,normal
4,1428,ID1429,4,normal
4,1429,ID1430,4,normal
4,1431,ID1432,4,normal
4,1432,ID1433,4,normal
4,1436,ID1437,4,normal
4,1437,ID1438,4,normal
4,1441,ID1442,4,normal
4,1442,ID1443,4,normal
4,1451,ID1452,4,normal
4,1460,ID1461,4,high
4,1461,ID1462,4,normal
4,1467,ID1468,4,normal
4,1473,ID1474,4,normal
4,1480,ID1481,4,normal
4,1485,ID1486,4,normal
4,1495,ID1496,4,normal
4,1497,ID1498,4,normal
4,1514,ID1515,4,normal
4,1518,ID1519,4,normal
4,1520,ID1521,4,high
4,1533,ID1534,4,normal
4,1538,ID1539,4,normal
4,1542,ID1543,4,normal
4,1548,ID1549,4,normal
4,1550,ID1551,4,normal
4,1552,ID1553,4,normal
4,1554,ID1555,4,normal
4,1558,ID1559,4,normal
4,1572,ID1573,4,normal
4,1574,ID1575,4,normal
4,1575,ID1576,4,normal
4,1582,ID1583,4,high
4,1584,ID1585,4,normal
4,1587,ID1588,4,high
4,1591,ID1592,4,normal
4,1592,ID1593,4,normal
4,1595,ID1596,4,normal
4,1597,ID1598,4,normal
4,1601,ID1602,4,normal
4,1602,ID1603,4,normal
4,1603,ID1604,4,normal
4,1605,ID1606,4,normal
4,1606,ID1607,4,normal
4,1619,ID1620,4,normal
4,1620,ID1621,4,normal
4,1621,ID1622,4,high
4,1625,ID1626,4,normal
4,1628,ID1629,4,normal
4,1629,ID1630,4,normal
4,1641,ID1642,4,normal
4,1645,ID1646,4,normal
4,1646,ID1647,4,normal
4,1649,ID1650,4,normal
4,1654,ID1655,4,normal
4,1656,ID1657,4,normal
4,1663,ID1664,4,normal
4,1666,ID1667,4,normal
4,1669,ID1670,4,normal
4,1670,ID1671,4,normal
4,1674,ID1675,4,normal
4,1675,ID1676,4,normal
4,1677,ID1678,4,normal
4,1678,ID1679,4,normal
4,1679,ID1680,4,high
4,1681,ID1682,4,normal
4,1682,ID1683,4,normal
4,1685,ID1686,4,normal
4,1688,ID1689,4,normal
4,1691,ID1692,4,normal
4,1698,ID1699,4,normal
4,1701,ID1702,4,normal
4,1705,ID1706,4,normal
4,1713,ID1714,4,normal
4,1714,ID1715,4,normal
4,1717,ID1718,4,normal
4,1718,ID1719,4,normal
4,1726,ID1727,4,normal
4,1728,ID1729,4,normal
4,1730,ID1731,4,normal
4,1743,ID1744,4,normal
4,1747,ID1748,4,normal
4,1756,ID1757,4,normal
4,1757,ID1758,4,normal
4,1758,ID1759,4,normal
4,1761,ID1762,4,high
4,1762,ID1763,4,normal
4,1765,ID1766,4,normal
4,1769,ID1770,4,normal
4,1772,ID1773,4,normal
4,1777,ID1778,4,normal
4,1778,ID1779,4,normal
4,1786,ID1787,4,normal
4,1789,ID1790,4,high
4,1800,ID1801,4,normal
4,1805,ID1806,4,normal
4,1809,ID1810,4,normal
4,1812,ID1813,4,normal
4,1816,ID1817,4,normal
4,1819,ID1820,4,normal
4,1825,ID1826,4,normal
4,1826,ID1827,4,normal
4,1836,ID1837,4,normal
4,1844,ID1845,4,normal
4,1847,ID1848,4,normal
4,1856,ID1857,4,normal
4,1857,ID1858,4,normal
4,1858,ID1859,4,normal
4,1860,ID1861,4,normal
4,1868,ID1869,4,normal
4,1874,ID1875,4,normal
4,1878,ID1879,4,normal
4,1890,ID1891,4,normal
4,1899,ID1900,4,normal
4,1901,ID1902,4,normal
4,1910,ID1911,4,normal
4,1915,ID1916,4,normal
4,1916,ID1917,4,normal
4,1917,ID1918,4,normal
4,1921,ID1922,4,normal
4,1930,ID1931,4,normal
4,1933,ID1934,4,normal
4,1943,ID1944,4,normal
4,1946,ID1947,4,high
4,1949,ID1950,4,high
4,1955,ID1956,4,normal
4,1958,ID1959,4,normal
4,1968,ID1969,4,high
4,1969,ID1970,4,normal
4,1970,ID1971,4,normal
4,1974,ID1975,4,normal
4,1975,ID1976,4,normal
4,1984,ID1985,4,normal
4,1985,ID1986,4,normal
4,1986,ID1987,4,normal
4,1987,ID1988,4,normal
4,1988,ID1989,4,normal
4,1991,ID1992,4,high
4,1992,ID1993,4,normal
4,1993,ID1994,4,normal
4,1999,ID2000,4,normal
4,2000,ID2001,4,normal
4,2008,ID2009,4,normal
4,2010,ID2011,4,normal
4,2020,ID2021,4,normal
4,2024,ID2025,4,normal
4,2026,ID2027,4,high
4,2027,ID2028,4,normal
4,2032,ID2033,4,normal
4,2040,ID2041,4,normal
4,2041,ID2042,4,high
4,2044,ID2045,4,normal
4,2057,ID2058,4,high
4,2068,ID2069,4,normal
4,2074,ID2075,4,normal
4,2076,ID2077,4,normal
4,2077,ID2078,4,normal
4,2079,ID2080,4,normal
4,2090,ID2091,4,normal
4,2096,ID2097,4,normal
4,2102,ID2103,4,normal
4,2104,ID2105,4,normal
4,2105,ID2106,4,normal
4,2106,ID2107,4,normal
4,2113,ID2114,4,normal
4,2117,ID2118,4,normal
4,2120,ID2121,4,normal
4,2121,ID2122,4,normal
4,2125,ID2126,4,normal
4,2130,ID2131,4,high
4,2131,ID2132,4,normal
4,2138,ID2139,4,normal
4,2139,ID2140,4,normal
4,2141,ID2142,4,normal
4,2146,ID2147,4,normal
4,2148,ID2149,4,normal
4,2150,ID2151,4,normal
4,2158,ID2159,4,normal
4,2159,ID2160,4,normal
4,2162,ID2163,4,high
4,2168,ID2169,4,normal
4,2170,ID2171,4,normal
4,2172,ID2173,4,normal
4,2177,ID2178,4,normal
4,2180,ID2181,4,normal
4,2181,ID2182,4,normal
4,2183,ID2184,4,normal
4,2188,ID2189,4,normal
4,2198,ID2199,4,normal
4,2203,ID2204,4,normal
4,2208,ID2209,4,high
4,2216,ID2217,4,high
4,2219,ID2220,4,high
4,2220,ID2221,4,high
4,2222,ID2223,4,high
4,2223,ID2224,4,normal
4,2224,ID2225,4,normal
4,2227,ID2228,4,normal
4,2236,ID2237,4,normal
4,2245,ID2246,4,normal
4,2251,ID2252,4,normal
4,2254,ID2255,4,normal
4,2255,ID2256,4,normal
4,2260,ID2261,4,normal
4,2264,ID2265,4,normal
4,2267,ID2268,4,normal
4,2271,ID2272,4,normal
4,2274,ID2275,4,normal
4,2277,ID2278,4,high
4,2284,ID2285,4,normal
4,2291,ID2292,4,normal
4,2292,ID2293,4,high
4,2296,ID2297,4,normal
4,2299,ID2300,4,normal
4,2313,ID2314,4,normal
4,2316,ID2317,4,normal
4,2322,ID2323,4,normal
4,2328,ID2329,4,normal
4,2334,ID2335,4,high
4,2335,ID2336,4,normal
4,2337,ID2338,4,normal
4,2341,ID2342,4,normal
4,2345,ID2346,4,normal
4,2352,ID2353,4,normal
4,2353,ID2354,4,normal
4,2358,ID2359,4,normal
4,2360,ID2361,4,normal
4,2362,ID2363,4,high
4,2367,ID2368,4,normal
4,2375,ID2376,4,normal
4,2376,ID2377,4,normal
4,2380,ID2381,4,normal
4,2382,ID2383,4,normal
4,2407,ID2408,4,normal
4,2410,ID2411,4,normal
4,2416,ID2417,4,normal
4,2419,ID2420,4,high
4,2421,ID2422,4,normal
4,2427,ID2428,4,normal
4,2436,ID2437,4,normal
4,2437,ID2438,4,normal
4,2439,ID2440,4,normal
4,2442,ID2443,4,normal
4,2445,ID2446,4,normal
4,2450,ID2451,4,normal
4,2452,ID2453,4,normal
4,2456,ID2457,4,normal
4,2465,ID2466,4,normal
4,2466,ID2467,4,normal
4,2468,ID2469,4,normal
4,2469,ID2470,4,normal
4,2471,ID2472,4,normal
4,2472,ID2473,4,normal
4,2478,ID2479,4,normal
4,2479,ID2480,4,high
4,2483,ID2484,4,normal
4,2486,ID2487,4,normal
4,2489,ID2490,4,normal
4,2490,ID2491,4,normal
4,2498,ID2499,4,normal
4,2503,ID2504,4,normal
4,2506,ID2507,4,normal
4,2507,ID2508,4,normal
4,2508,ID2509,4,normal
4,2512,ID2513,4,normal
4,2519,ID2520,4,normal
4,2521,ID2522,4,normal
4,2533,ID2534,4,normal
4,2534,ID2535,4,normal
4,2535,ID2536,4,normal
4,2542,ID2543,4,normal
4,2545,ID2546,4,normal
4,2550,ID2551,4,normal
4,2552,ID2553,4,normal
4,2555,ID2556,4,normal
4,2558,ID2559,4,normal
4,2568,ID2569,4,normal
4,2574,ID2575,4,normal
4,2575,ID2576,4,normal
4,2577,ID2578,4,normal
4,2580,ID2581,4,normal
4,2581,ID2582,4,normal
4,2582,ID2583,4,normal
4,2587,ID2588,4,high
4,2595,ID2596,4,normal
4,2596,ID2597,4,normal
4,2598,ID2599,4,normal
4,2604,ID2605,4,normal
4,2606,ID2607,4,normal
4,2611,ID2612,4,normal
4,2614,ID2615,4,normal
4,2616,ID2617,4,normal
4,2620,ID2621,4,normal
4,2622,ID2623,4,normal
4,2624,ID2625,4,normal
4,2631,ID2632,4,normal
4,2636,ID2637,4,normal
4,2638,ID2639,4,normal
4,2645,ID2646,4,normal
4,2656,ID2657,4,normal
4,2658,ID2659,4,normal
4,2659,ID2660,4,high
4,2662,ID2663,4,normal
4,2664,ID2665,4,normal
4,2668,ID2669,4,normal
4,2680,ID2681,4,normal
4,2684,ID2685,4,normal
4,2688,ID2689,4,normal
4,2689,ID2690,4,normal
4,2693,ID2694,4,normal
4,2695,ID2696,4,normal
4,2698,ID2699,4,normal
4,2702,ID2703,4,normal
4,2705,ID2706,4,normal
4,2706,ID2707,4,normal
4,2713,ID2714,4,normal
4,2714,ID2715,4,normal
4,2716,ID2717,4,normal
4,2725,ID2726,4,normal
4,2731,ID2732,4,normal
4,2733,ID2734,4,normal
4,2745,ID2746,4,normal
4,2755,ID2756,4,normal
4,2761,ID2762,4,normal
4,2769,ID2770,4,high
4,2770,ID2771,4,normal
4,2776,ID2777,4,normal
4,2777,ID2778,4,high
4,2779,ID2780,4,normal
4,2786,ID2787,4,normal
4,2788,ID2789,4,normal
4,2789,ID2790,4,normal
4,2793,ID2794,4,normal
4,2794,ID2795,4,normal
4,2796,ID2797,4,normal
4,2807,ID2808,4,normal
4,2811,ID2812,4,normal
4,2816,ID2817,4,normal
4,2817,ID2818,4,normal
4,2822,ID2823,4,normal
4,2833,ID2834,4,normal
4,2835,ID2836,4,normal
4,2837,ID2838,4,normal
4,2840,ID2841,4,normal
4,2844,ID2845,4,normal
4,2854,ID2855,4,normal
4,2861,ID2862,4,normal
4,2880,ID2881,4,normal
4,2889,ID2890,4,normal
4,2900,ID2901,4,normal
4,2901,ID2902,4,normal
4,2902,ID2903,4,normal
4,2908,ID2909,4,normal
4,2913,ID2914,4,normal
4,2918,ID2919,4,high
4,2920,ID2921,4,normal
4,2922,ID2923,4,normal
4,2924,ID2925,4,normal
4,2925,ID2926,4,normal
4,2932,ID2933,4,normal
4,2933,ID2934,4,normal
4,2940,ID2941,4,normal
4,2943,ID2944,4,normal
4,2946,ID2947,4,normal
4,2962,ID2963,4,normal
4,2969,ID2970,4,normal
4,2977,ID2978,4,normal
4,2978,ID2979,4,normal
4,2980,ID2981,4,normal
4,2983,ID2984,4,normal
4,2984,ID2985,4,high
4,2985,ID2986,4,normal
4,2990,ID2991,4,normal
4,2996,ID2997,4,normal
4,2997,ID2998,4,normal
4,2999,ID3000,4,normal
4,3004,ID3005,4,normal
4,3005,ID3006,4,normal
4,3008,ID3009,4,normal
4,3015,ID3016,4,normal
4,3017,ID3018,4,normal
4,3022,ID3023,4,normal
4,3040,ID3041,4,normal
4,3045,ID3046,4,normal
4,3057,ID3058,4,normal
4,3060,ID3061,4,normal
4,3061,ID3062,4,normal
4,3065,ID3066,4,normal
4,3066,ID3067,4,normal
4,3067,ID3068,4,normal
4,3068,ID3069,4,high
4,3069,ID3070,4,normal
4,3070,ID3071,4,normal
4,3073,ID3074,4,normal
4,3074,ID3075,4,normal
4,3075,ID3076,4,normal
4,3079,ID3080,4,normal
4,3083,ID3084,4,normal
4,3084,ID3085,4,normal
4,3086,ID3087,4,normal
4,3088,ID3089,4,normal
4,3091,ID3092,4,normal
4,3096,ID3097,4,normal
4,3099,ID3100,4,normal
4,3102,ID3103,4,normal
4,3103,ID3104,4,normal
4,3107,ID3108,4,normal
4,3110,ID3111,4,normal
4,3125,ID3126,4,normal
4,3132,ID3133,4,normal
4,3136,ID3137,4,normal
4,3137,ID3138,4,normal
4,3140,ID3141,4,normal
4,3141,ID3142,4,normal
4,3147,ID3148,4,high
4,3151,ID3152,4,normal
4,3152,ID3153,4,normal
4,3158,ID3159,4,normal
4,3162,ID3163,4,normal
4,3166,ID3167,4,normal
4,3174,ID3175,4,high
4,3176,ID3177,4,normal
4,3178,ID3179,4,normal
4,3181,ID3182,4,normal
4,3187,ID3188,4,normal
4,3188,ID3189,4,normal
4,3190,ID3191,4,normal
4,3191,ID3192,4,high
4,3192,ID3193,4,normal
4,3206,ID3207,4,normal
4,3207,ID3208,4,normal
4,3212,ID3213,4,normal
4,3214,ID3215,4,normal
4,3216,ID3217,4,normal
4,3219,ID3220,4,normal
4,3221,ID3222,4,high
4,3224,ID3225,4,normal
4,3228,ID3229,4,normal
4,3229,ID3230,4,normal
4,3230,ID3231,4,normal
4,3232,ID3233,4,normal
4,3233,ID3234,4,normal
4,3235,ID3236,4,normal
4,3237,ID3238,4,normal
4,3239,ID3240,4,high
4,3241,ID3242,4,normal
4,3243,ID3244,4,normal
4,3247,ID3248,4,normal
4,3248,ID3249,4,normal
4,3259,ID3260,4,normal
4,3266,ID3267,4,high
4,3267,ID3268,4,normal
4,3268,ID3269,4,normal
4,3269,ID3270,4,normal
4,3277,ID3278,4,normal
4,3291,ID3292,4,normal
4,3292,ID3293,4,normal
4,3302,ID3303,4,normal
4,3303,ID3304,4,normal
4,3313,ID3314,4,normal
4,3314,ID3315,4,normal
4,3315,ID3316,4,normal
4,3321,ID3322,4,normal
4,3325,ID3326,4,normal
4,3332,ID3333,4,normal
4,3334,ID3335,4,normal
4,3336,ID3337,4,normal
4,3338,ID3339,4,normal
4,3340,ID3341,4,high
4,3342,ID3343,4,normal
4,3357,ID3358,4,normal
4,3359,ID3360,4,normal
4,3362,ID3363,4,normal
4,3363,ID3364,4,normal
4,3371,ID3372,4,normal
4,3379,ID3380,4,normal
4,3383,ID3384,4,normal
4,3386,ID3387,4,normal
4,3387,ID3388,4,normal
4,3390,ID3391,4,normal
4,3393,ID3394,4,normal
4,3395,ID3396,4,normal
4,3398,ID3399,4,high
4,3401,ID3402,4,normal
4,3402,ID3403,4,normal
4,3409,ID3410,4,normal
4,3410,ID3411,4,normal
4,3411,ID3412,4,normal
4,3412,ID3413,4,normal
4,3413,ID3414,4,normal
4,3418,ID3419,4,normal
4,3419,ID3420,4,normal
4,3425,ID3426,4,normal
4,3431,ID3432,4,normal
4,3434,ID3435,4,normal
4,3440,ID3441,4,high
4,3443,ID3444,4,normal
4,3444,ID3445,4,normal
4,3445,ID3446,4,normal
4,3446,ID3447,4,normal
4,3451,ID3452,4,normal
4,3452,ID3453,4,normal
4,3454,ID3455,4,normal
4,3458,ID3459,4,normal
4,3459,ID3460,4,normal
4,3461,ID3462,4,normal
4,3465,ID3466,4,normal
4,3466,ID3467,4,normal
4,3468,ID3469,4,normal
4,3469,ID3470,4,normal
4,3471,ID3472,4,normal
4,3472,ID3473,4,normal
4,3473,ID3474,4,normal
4,3484,ID3485,4,normal
4,3487,ID3488,4,normal
4,3488,ID3489,4,normal
4,3490,ID3491,4,normal
4,3492,ID3493,4,normal
4,3499,ID3500,4,normal
4,3503,ID3504,4,normal
4,3509,ID3510,4,normal
4,3510,ID3511,4,normal
4,3514,ID3515,4,normal
4,3519,ID3520,4,normal
4,3521,ID3522,4,normal
4,3526,ID3527,4,normal
4,3533,ID3534,4,normal
4,3534,ID3535,4,normal
4,3535,ID3536,4,normal
4,3538,ID3539,4,normal
4,3540,ID3541,4,normal
4,3542,ID3543,4,normal
4,3550,ID3551,4,normal
4,3558,ID3559,4,normal
4,3559,ID3560,4,normal
4,3561,ID3562,4,normal
4,3571,ID3572,4,normal
4,3573,ID3574,4,high
4,3576,ID3577,4,normal
4,3578,ID3579,4,normal
4,3581,ID3582,4,normal
4,3588,ID3589,4,normal
4,3591,ID3592,4,normal
4,3595,ID3596,4,high
4,3606,ID3607,4,normal
4,3612,ID3613,4,normal
4,3621,ID3622,4,normal
4,3622,ID3623,4,normal
4,3623,ID3624,4,high
4,3625,ID3626,4,normal
4,3626,ID3627,4,normal
4,3634,ID3635,4,normal
4,3639,ID3640,4,normal
4,3642,ID3643,4,normal
4,3646,ID3647,4,high
4,3650,ID3651,4,normal
4,3655,ID3656,4,normal
4,3656,ID3657,4,normal
4,3657,ID3658,4,normal
4,3661,ID3662,4,high
4,3662,ID3663,4,normal
4,3663,ID3664,4,normal
4,3665,ID3666,4,normal
4,3666,ID3667,4,normal
4,3675,ID3676,4,normal
4,3676,ID3677,4,normal
4,3679,ID3680,4,normal
4,3680,ID3681,4,normal
4,3688,ID3689,4,normal
4,3693,ID3694,4,normal
4,3696,ID3697,4,normal
4,3706,ID3707,4,normal
4,3707,ID3708,4,normal
4,3712,ID3713,4,normal
4,3713,ID3714,4,normal
4,3715,ID3716,4,normal
4,3716,ID3717,4,normal
4,3717,ID3718,4,normal
4,3718,ID3719,4,normal
4,3719,ID3720,4,normal
4,3724,ID3725,4,normal
4,3726,ID3727,4,normal
4,3727,ID3728,4,high
4,3729,ID3730,4,high
4,3730,ID3731,4,normal
4,3732,ID3733,4,high
4,3741,ID3742,4,normal
4,3751,ID3752,4,normal
4,3754,ID3755,4,normal
4,3762,ID3763,4,normal
4,3769,ID3770,4,high
4,3773,ID3774,4,normal
4,3778,ID3779,4,normal
4,3779,ID3780,4,normal
4,3781,ID3782,4,normal
4,3789,ID3790,4,normal
4,3792,ID3793,4,normal
4,3793,ID3794,4,normal
4,3794,ID3795,4,normal
4,3801,ID3802,4,normal
4,3802,ID3803,4,normal
4,3803,ID3804,4,normal
4,3804,ID3805,4,normal
4,3805,ID3806,4,high
4,3814,ID3815,4,normal
4,3824,ID3825,4,high
4,3837,ID3838,4,normal
4,3838,ID3839,4,normal
4,3848,ID3849,4,normal
4,3850,ID3851,4,normal
4,3856,ID3857,4,normal
4,3859,ID3860,4,normal
4,3860,ID3861,4,normal
4,3861,ID3862,4,normal
4,3867,ID3868,4,normal
4,3876,ID3877,4,normal
4,3878,ID3879,4,normal
4,3884,ID3885,4,high
4,3892,ID3893,4,normal
4,3893,ID3894,4,normal
4,3900,ID3901,4,normal
4,3909,ID3910,4,normal
4,3910,ID3911,4,normal
4,3919,ID3920,4,normal
4,3920,ID3921,4,normal
4,3926,ID3927,4,normal
4,3927,ID3928,4,normal
4,3929,ID3930,4,normal
4,3934,ID3935,4,normal
4,3941,ID3942,4,normal
4,3945,ID3946,4,normal
4,3947,ID3948,4,normal
4,3952,ID3953,4,normal
4,3961,ID3962,4,normal
4,3966,ID3967,4,normal
4,3967,ID3968,4,normal
4,3969,ID3970,4,normal
4,3975,ID3976,4,normal
4,3979,ID3980,4,normal
4,3983,ID3984,4,normal
4,4000,ID4001,4,normal
4,4002,ID4003,4,normal
4,4012,ID4013,4,normal
4,4029,ID4030,4,normal
4,4039,ID4040,4,normal
4,4040,ID4041,4,normal
4,4041,ID4042,4,normal
4,4048,ID4049,4,normal
4,4057,ID4058,4,normal
5,0,ID0001,5,normal
5,2,ID0003,5,normal
5,3,ID0004,5,high
5,6,ID0007,5,normal
5,13,ID0014,5,normal
5,16,ID0017,5,normal
5,20,ID0021,5,low
5,21,ID0022,5,normal
5,27,ID0028,5,normal
5,29,ID0030,5,normal
5,31,ID0032,5,normal
5,32,ID0033,5,normal
5,39,ID0040,5,normal
5,45,ID0046,5,normal
5,63,ID0064,5,normal
5,68,ID0069,5,high
5,75,ID0076,5,normal
5,85,ID0086,5,normal
5,95,ID0096,5,normal
5,99,ID0100,5,normal
5,104,ID0105,5,normal
5,105,ID0106,5,normal
5,106,ID0107,5,normal
5,108,ID0109,5,normal
5,112,ID0113,5,normal
5,116,ID0117,5,normal
5,118,ID0119,5,normal
5,122,ID0123,5,normal
5,126,ID0127,5,high
5,130,ID0131,5,normal
5,133,ID0134,5,normal
5,142,ID0143,5,normal
5,146,ID0147,5,low
5,152,ID0153,5,normal
5,162,ID0163,5,normal
5,171,ID0172,5,normal
5,173,ID0174,5,normal
5,176,ID0177,5,high
5,181,ID0182,5,high
5,186,ID0187,5,normal
5,188,ID0189,5,high
5,200,ID0201,5,normal
5,203,ID0204,5,normal
5,206,ID0207,5,normal
5,209,ID0210,5,high
5,222,ID0223,5,normal
5,224,ID0225,5,normal
5,225,ID0226,5,normal
5,228,ID0229,5,high
5,236,ID0237,5,normal
5,240,ID0241,5,normal
5,243,ID0244,5,normal
5,244,ID0245,5,normal
5,248,ID0249,5,normal
5,250,ID0251,5,normal
5,252,ID0253,5,low
5,255,ID0256,5,normal
5,260,ID0261,5,normal
5,262,ID0263,5,normal
5,271,ID0272,5,normal
5,277,ID0278,5,normal
5,279,ID0280,5,high
5,288,ID0289,5,normal
5,296,ID0297,5,normal
5,301,ID0302,5,normal
5,320,ID0321,5,normal
5,324,ID0325,5,normal
5,328,ID0329,5,normal
5,331,ID0332,5,normal
5,345,ID0346,5,normal
5,347,ID0348,5,normal
5,349,ID0350,5,normal
5,350,ID0351,5,low
5,363,ID0364,5,normal
5,366,ID0367,5,normal
5,370,ID0371,5,high
5,380,ID0381,5,normal
5,382,ID0383,5,normal
5,384,ID0385,5,normal
5,388,ID0389,5,normal
5,394,ID0395,5,high
5,397,ID0398,5,normal
5,398,ID0399,5,normal
5,408,ID0409,5,normal
5,410,ID0411,5,normal
5,418,ID0419,5,normal
5,425,ID0426,5,normal
5,426,ID0427,5,normal
5,427,ID0428,5,normal
5,434,ID0435,5,normal
5,439,ID0440,5,normal
5,440,ID0441,5,normal
5,442,ID0443,5,normal
5,446,ID0447,5,normal
5,450,ID0451,5,normal
5,453,ID0454,5,normal
5,454,ID0455,5,normal
5,460,ID0461,5,normal
5,479,ID0480,5,normal
5,491,ID0492,5,normal
5,494,ID0495,5,normal
5,497,ID0498,5,normal
5,511,ID0512,5,normal
5,517,ID0518,5,normal
5,525,ID0526,5,normal
5,532,ID0533,5,normal
5,538,ID0539,5,high
5,542,ID0543,5,high
5,543,ID0544,5,high
5,546,ID0547,5,normal
5,551,ID0552,5,normal
5,554,ID0555,5,high
5,555,ID0556,5,normal
5,559,ID0560,5,normal
5,565,ID0566,5,normal
5,569,ID0570,5,normal
5,571,ID0572,5,normal
5,572,ID0573,5,normal
5,596,ID0597,5,normal
5,605,ID0606,5,normal
5,612,ID0613,5,normal
5,622,ID0623,5,normal
5,624,ID0625,5,normal
5,629,ID0630,5,high
5,631,ID0632,5,low
5,633,ID0634,5,normal
5,634,ID0635,5,low
5,639,ID0640,5,normal
5,641,ID0642,5,normal
5,642,ID0643,5,normal
5,644,ID0645,5,normal
5,650,ID0651,5,normal
5,656,ID0657,5,normal
5,666,ID0667,5,normal
5,697,ID0698,5,normal
5,699,ID0700,5,normal
5,709,ID0710,5,normal
5,713,ID0714,5,normal
5,719,ID0720,5,normal
5,722,ID0723,5,normal
5,725,ID0726,5,normal
5,731,ID0732,5,normal
5,738,ID0739,5,normal
5,739,ID0740,5,normal
5,758,ID0759,5,normal
5,761,ID0762,5,normal
5,801,ID0802,5,normal
5,802,ID0803,5,normal
5,804,ID0805,5,normal
5,806,ID0807,5,normal
5,807,ID0808,5,normal
5,816,ID0817,5,normal
5,822,ID0823,5,normal
5,837,ID0838,5,normal
5,846,ID0847,5,normal
5,851,ID0852,5,normal
5,861,ID0862,5,normal
5,862,ID0863,5,normal
5,863,ID0864,5,normal
5,865,ID0866,5,low
5,867,ID0868,5,normal
5,887,ID0888,5,normal
5,888,ID0889,5,normal
5,890,ID0891,5,low
5,892,ID0893,5,normal
5,893,ID0894,5,normal
5,911,ID0912,5,normal
5,919,ID0920,5,normal
5,921,ID0922,5,normal
5,928,ID0929,5,normal
5,930,ID0931,5,normal
5,933,ID0934,5,normal
5,935,ID0936,5,normal
5,943,ID0944,5,high
5,950,ID0951,5,high
5,955,ID0956,5,normal
5,957,ID0958,5,normal
5,961,ID0962,5,normal
5,963,ID0964,5,normal
5,965,ID0966,5,normal
5,968,ID0969,5,normal
5,986,ID0987,5,high
5,990,ID0991,5,normal
5,1007,ID1008,5,normal
5,1009,ID1010,5,normal
5,1013,ID1014,5,normal
5,1020,ID1021,5,normal
5,1026,ID1027,5,normal
5,1029,ID1030,5,normal
5,1030,ID1031,5,normal
5,1031,ID1032,5,normal
5,1038,ID1039,5,normal
5,1039,ID1040,5,normal
5,1040,ID1041,5,normal
5,1046,ID1047,5,normal
5,1053,ID1054,5,high
5,1055,ID1056,5,normal
5,1057,ID1058,5,normal
5,1071,ID1072,5,normal
5,1079,ID1080,5,normal
5,1085,ID1086,5,normal
5,1088,ID1089,5,normal
5,1093,ID1094,5,high
5,1095,ID1096,5,normal
5,1097,ID1098,5,normal
5,1105,ID1106,5,normal
5,1108,ID1109,5,normal
5,1109,ID1110,5,normal
5,1113,ID1114,5,normal
5,1121,ID1122,5,normal
5,1125,ID1126,5,normal
5,1131,ID1132,5,high
5,1138,ID1139,5,normal
5,1144,ID1145,5,normal
5,1160,ID1161,5,normal
5,1162,ID1163,5,high
5,1168,ID1169,5,normal
5,1178,ID1179,5,low
5,1190,ID1191,5,normal
5,1194,ID1195,5,normal
5,1196,ID1197,5,normal
5,1197,ID1198,5,normal
5,1202,ID1203,5,normal
5,1209,ID1210,5,normal
5,1214,ID1215,5,normal
5,1215,ID1216,5,normal
5,1224,ID1225,5,normal
5,1229,ID1230,5,normal
5,1230,ID1231,5,normal
5,1235,ID1236,5,normal
5,1244,ID1245,5,normal
5,1249,ID1250,5,normal
5,1252,ID1253,5,normal
5,1256,ID1257,5,normal
5,1261,ID1262,5,high
5,1262,ID1263,5,normal
5,1271,ID1272,5,high
5,1281,ID1282,5,normal
5,1291,ID1292,5,normal
5,1298,ID1299,5,normal
5,1300,ID1301,5,normal
5,1316,ID1317,5,normal
5,1322,ID1323,5,normal
5,1334,ID1335,5,high
5,1335,ID1336,5,high
5,1343,ID1344,5,normal
5,1348,ID1349,5,low
5,1362,ID1363,5,normal
5,1365,ID1366,5,normal
5,1371,ID1372,5,normal
5,1375,ID1376,5,low
5,1382,ID1383,5,normal
5,1386,ID1387,5,normal
5,1387,ID1388,5,normal
5,1391,ID1392,5,normal
5,1392,ID1393,5,normal
5,1397,ID1398,5,normal
5,1402,ID1403,5,low
5,1410,ID1411,5,normal
5,1413,ID1414,5,low
5,1417,ID1418,5,normal
5,1419,ID1420,5,normal
5,1424,ID1425,5,normal
5,1425,ID1426,5,normal
5,1426,ID1427,5,normal
5,1430,ID1431,5,normal
5,1440,ID1441,5,normal
5,1452,ID1453,5,low
5,1453,ID1454,5,normal
5,1457,ID1458,5,high
5,1458,ID1459,5,normal
5,1468,ID1469,5,normal
5,1476,ID1477,5,normal
5,1491,ID1492,5,normal
5,1493,ID1494,5,normal
5,1496,ID1497,5,normal
5,1506,ID1507,5,normal
5,1507,ID1508,5,normal
5,1519,ID1520,5,normal
5,1525,ID1526,5,normal
5,1527,ID1528,5,normal
5,1528,ID1529,5,low
5,1540,ID1541,5,high
5,1557,ID1558,5,normal
5,1565,ID1566,5,low
5,1578,ID1579,5,normal
5,1588,ID1589,5,normal
5,1589,ID1590,5,normal
5,1590,ID1591,5,normal
5,1598,ID1599,5,normal
5,1600,ID1601,5,normal
5,1604,ID1605,5,normal
5,1609,ID1610,5,normal
5,1611,ID1612,5,normal
5,1613,ID1614,5,normal
5,1622,ID1623,5,normal
5,1623,ID1624,5,normal
5,1626,ID1627,5,normal
5,1635,ID1636,5,low
5,1636,ID1637,5,normal
5,1638,ID1639,5,normal
5,1642,ID1643,5,normal
5,1644,ID1645,5,normal
5,1648,ID1649,5,normal
5,1650,ID1651,5,normal
5,1651,ID1652,5,normal
5,1657,ID1658,5,high
5,1664,ID1665,5,normal
5,1683,ID1684,5,normal
5,1684,ID1685,5,normal
5,1696,ID1697,5,high
5,1700,ID1701,5,normal
5,1706,ID1707,5,low
5,1715,ID1716,5,high
5,1719,ID1720,5,normal
5,1723,ID1724,5,normal
5,1731,ID1732,5,normal
5,1737,ID1738,5,normal
5,1738,ID1739,5,normal
5,1739,ID1740,5,normal
5,1740,ID1741,5,normal
5,1744,ID1745,5,normal
5,1752,ID1753,5,normal
5,1753,ID1754,5,normal
5,1754,ID1755,5,normal
5,1755,ID1756,5,normal
5,1760,ID1761,5,normal
5,1770,ID1771,5,normal
5,1771,ID1772,5,low
5,1774,ID1775,5,normal
5,1781,ID1782,5,low
5,1784,ID1785,5,normal
5,1787,ID1788,5,low
5,1788,ID1789,5,normal
5,1791,ID1792,5,high
5,1793,ID1794,5,normal
5,1797,ID1798,5,normal
5,1799,ID1800,5,normal
5,1803,ID1804,5,normal
5,1804,ID1805,5,normal
5,1815,ID1816,5,high
5,1817,ID1818,5,high
5,1818,ID1819,5,normal
5,1822,ID1823,5,normal
5,1830,ID1831,5,normal
5,1834,ID1835,5,normal
5,1837,ID1838,5,normal
5,1840,ID1841,5,low
5,1841,ID1842,5,normal
5,1851,ID1852,5,normal
5,1862,ID1863,5,normal
5,1882,ID1883,5,normal
5,1886,ID1887,5,normal
5,1892,ID1893,5,normal
5,1895,ID1896,5,normal
5,1896,ID1897,5,low
5,1897,ID1898,5,normal
5,1900,ID1901,5,normal
5,1905,ID1906,5,normal
5,1908,ID1909,5,normal
5,1918,ID1919,5,normal
5,1928,ID1929,5,normal
5,1938,ID1939,5,normal
5,1940,ID1941,5,normal
5,1941,ID1942,5,normal
5,1942,ID1943,5,normal
5,1957,ID1958,5,normal
5,1964,ID1965,5,high
5,1965,ID1966,5,normal
5,1967,ID1968,5,normal
5,1971,ID1972,5,normal
5,1972,ID1973,5,normal
5,1973,ID1974,5,normal
5,1994,ID1995,5,normal
5,1996,ID1997,5,normal
5,2006,ID2007,5,normal
5,2007,ID2008,5,normal
5,2011,ID2012,5,normal
5,2016,ID2017,5,high
5,2018,ID2019,5,low
5,2021,ID2022,5,normal
5,2022,ID2023,5,high
5,2025,ID2026,5,normal
5,2028,ID2029,5,normal
5,2033,ID2034,5,low
5,2034,ID2035,5,normal
5,2037,ID2038,5,normal
5,2038,ID2039,5,normal
5,2039,ID2040,5,normal
5,2046,ID2047,5,normal
5,2049,ID2050,5,normal
5,2056,ID2057,5,normal
5,2060,ID2061,5,normal
5,2062,ID2063,5,normal
5,2063,ID2064,5,high
5,2064,ID2065,5,normal
5,2071,ID2072,5,high
5,2075,ID2076,5,normal
5,2087,ID2088,5,low
5,2091,ID2092,5,normal
5,2095,ID2096,5,normal
5,2107,ID2108,5,normal
5,2110,ID2111,5,normal
5,2115,ID2116,5,normal
5,2133,ID2134,5,normal
5,2142,ID2143,5,normal
5,2143,ID2144,5,normal
5,2149,ID2150,5,normal
5,2154,ID2155,5,normal
5,2173,ID2174,5,normal
5,2182,ID2183,5,normal
5,2194,ID2195,5,normal
5,2195,ID2196,5,normal
5,2206,ID2207,5,normal
5,2211,ID2212,5,normal
5,2214,ID2215,5,normal
5,2217,ID2218,5,normal
5,2218,ID2219,5,high
5,2228,ID2229,5,high
5,2242,ID2243,5,normal
5,2249,ID2250,5,normal
5,2253,ID2254,5,normal
5,2257,ID2258,5,normal
5,2261,ID2262,5,high
5,2269,ID2270,5,high
5,2273,ID2274,5,normal
5,2280,ID2281,5,normal
5,2281,ID2282,5,normal
5,2283,ID2284,5,normal
5,2287,ID2288,5,high
5,2290,ID2291,5,low
5,2293,ID2294,5,normal
5,2297,ID2298,5,normal
5,2298,ID2299,5,low
5,2303,ID2304,5,normal
5,2305,ID2306,5,high
5,2309,ID2310,5,normal
5,2312,ID2313,5,normal
5,2325,ID2326,5,low
5,2327,ID2328,5,normal
5,2329,ID2330,5,normal
5,2333,ID2334,5,normal
5,2336,ID2337,5,normal
5,2343,ID2344,5,normal
5,2346,ID2347,5,normal
5,2347,ID2348,5,normal
5,2349,ID2350,5,high
5,2357,ID2358,5,normal
5,2381,ID2382,5,normal
5,2385,ID2386,5,normal
5,2390,ID2391,5,high
5,2391,ID2392,5,normal
5,2392,ID2393,5,normal
5,2394,ID2395,5,normal
5,2396,ID2397,5,normal
5,2403,ID2404,5,normal
5,2405,ID2406,5,normal
5,2406,ID2407,5,normal
5,2408,ID2409,5,normal
5,2415,ID2416,5,high
5,2417,ID2418,5,normal
5,2430,ID2431,5,normal
5,2431,ID2432,5,normal
5,2432,ID2433,5,normal
5,2435,ID2436,5,normal
5,2440,ID2441,5,normal
5,2449,ID2450,5,high
5,2453,ID2454,5,normal
5,2454,ID2455,5,normal
5,2458,ID2459,5,normal
5,2467,ID2468,5,normal
5,2476,ID2477,5,normal
5,2480,ID2481,5,high
5,2485,ID2486,5,high
5,2497,ID2498,5,normal
5,2502,ID2503,5,normal
5,2511,ID2512,5,normal
5,2513,ID2514,5,normal
5,2514,ID2515,5,normal
5,2515,ID2516,5,normal
5,2518,ID2519,5,normal
5,2520,ID2521,5,normal
5,2522,ID2523,5,normal
5,2525,ID2526,5,normal
5,2532,ID2533,5,high
5,2538,ID2539,5,normal
5,2556,ID2557,5,normal
5,2559,ID2560,5,normal
5,2560,ID2561,5,high
5,2562,ID2563,5,normal
5,2563,ID2564,5,normal
5,2586,ID2587,5,normal
5,2590,ID2591,5,low
5,2593,ID2594,5,normal
5,2605,ID2606,5,low
5,2607,ID2608,5,normal
5,2617,ID2618,5,normal
5,2626,ID2627,5,normal
5,2627,ID2628,5,normal
5,2628,ID2629,5,normal
5,2630,ID2631,5,normal
5,2635,ID2636,5,normal
5,2642,ID2643,5,normal
5,2646,ID2647,5,normal
5,2653,ID2654,5,normal
5,2660,ID2661,5,normal
5,2665,ID2666,5,normal
5,2676,ID2677,5,normal
5,2678,ID2679,5,normal
5,2679,ID2680,5,normal
5,2696,ID2697,5,normal
5,2699,ID2700,5,normal
5,2700,ID2701,5,normal
5,2703,ID2704,5,normal
5,2710,ID2711,5,normal
5,2715,ID2716,5,normal
5,2717,ID2718,5,normal
5,2732,ID2733,5,normal
5,2734,ID2735,5,high
5,2738,ID2739,5,normal
5,2747,ID2748,5,normal
5,2748,ID2749,5,normal
5,2751,ID2752,5,normal
5,2752,ID2753,5,normal
5,2762,ID2763,5,normal
5,2764,ID2765,5,normal
5,2766,ID2767,5,normal
5,2767,ID2768,5,normal
5,2773,ID2774,5,high
5,2775,ID2776,5,normal
5,2778,ID2779,5,normal
5,2780,ID2781,5,high
5,2782,ID2783,5,normal
5,2783,ID2784,5,normal
5,2784,ID2785,5,normal
5,2787,ID2788,5,normal
5,2790,ID2791,5,normal
5,2795,ID2796,5,normal
5,2799,ID2800,5,normal
5,2801,ID2802,5,normal
5,2806,ID2807,5,normal
5,2809,ID2810,5,normal
5,2813,ID2814,5,high
5,2814,ID2815,5,normal
5,2831,ID2832,5,low
5,2832,ID2833,5,low
5,2839,ID2840,5,normal
5,2843,ID2844,5,normal
5,2845,ID2846,5,normal
5,2851,ID2852,5,normal
5,2852,ID2853,5,normal
5,2858,ID2859,5,normal
5,2859,ID2860,5,normal
5,2862,ID2863,5,low
5,2864,ID2865,5,normal
5,2866,ID2867,5,normal
5,2872,ID2873,5,normal
5,2873,ID2874,5,normal
5,2876,ID2877,5,normal
5,2878,ID2879,5,normal
5,2882,ID2883,5,normal
5,2888,ID2889,5,normal
5,2891,ID2892,5,normal
5,2896,ID2897,5,normal
5,2897,ID2898,5,high
5,2903,ID2904,5,normal
5,2907,ID2908,5,low
5,2909,ID2910,5,normal
5,2910,ID2911,5,normal
5,2911,ID2912,5,normal
5,2912,ID2913,5,normal
5,2915,ID2916,5,normal
5,2926,ID2927,5,normal
5,2936,ID2937,5,normal
5,2941,ID2942,5,normal
5,2942,ID2943,5,normal
5,2945,ID2946,5,normal
5,2954,ID2955,5,normal
5,2955,ID2956,5,normal
5,2958,ID2959,5,normal
5,2960,ID2961,5,normal
5,2961,ID2962,5,normal
5,2963,ID2964,5,normal
5,2966,ID2967,5,normal
5,2968,ID2969,5,normal
5,2971,ID2972,5,high
5,2973,ID2974,5,normal
5,2974,ID2975,5,normal
5,2976,ID2977,5,normal
5,2979,ID2980,5,low
5,2981,ID2982,5,normal
5,2982,ID2983,5,normal
5,2986,ID2987,5,normal
5,2989,ID2990,5,normal
5,2992,ID2993,5,normal
5,2995,ID2996,5,normal
5,2998,ID2999,5,normal
5,3006,ID3007,5,high
5,3007,ID3008,5,normal
5,3010,ID3011,5,normal
5,3018,ID3019,5,normal
5,3025,ID3026,5,normal
5,3026,ID3027,5,normal
5,3028,ID3029,5,normal
5,3030,ID3031,5,high
5,3031,ID3032,5,normal
5,3033,ID3034,5,normal
5,3039,ID3040,5,normal
5,3047,ID3048,5,normal
5,3051,ID3052,5,normal
5,3053,ID3054,5,normal
5,3055,ID3056,5,normal
5,3058,ID3059,5,high
5,3059,ID3060,5,normal
5,3072,ID3073,5,normal
5,3085,ID3086,5,normal
5,3089,ID3090,5,normal
5,3090,ID3091,5,normal
5,3093,ID3094,5,normal
5,3097,ID3098,5,high
5,3100,ID3101,5,normal
5,3105,ID3106,5,normal
5,3108,ID3109,5,normal
5,3117,ID3118,5,normal
5,3122,ID3123,5,normal
5,3123,ID3124,5,normal
5,3133,ID3134,5,normal
5,3138,ID3139,5,normal
5,3143,ID3144,5,normal
5,3144,ID3145,5,normal
5,3146,ID3147,5,normal
5,3148,ID3149,5,normal
5,3150,ID3151,5,normal
5,3154,ID3155,5,normal
5,3161,ID3162,5,low
5,3164,ID3165,5,normal
5,3165,ID3166,5,normal
5,3167,ID3168,5,normal
5,3172,ID3173,5,normal
5,3184,ID3185,5,normal
5,3194,ID3195,5,normal
5,3198,ID3199,5,normal
5,3210,ID3211,5,normal
5,3213,ID3214,5,normal
5,3223,ID3224,5,normal
5,3226,ID3227,5,normal
5,3238,ID3239,5,normal
5,3251,ID3252,5,normal
5,3252,ID3253,5,normal
5,3261,ID3262,5,normal
5,3274,ID3275,5,low
5,3276,ID3277,5,normal
5,3278,ID3279,5,high
5,3280,ID3281,5,normal
5,3281,ID3282,5,normal
5,3282,ID3283,5,normal
5,3283,ID3284,5,high
5,3286,ID3287,5,normal
5,3289,ID3290,5,normal
5,3290,ID3291,5,normal
5,3297,ID3298,5,normal
5,3298,ID3299,5,normal
5,3307,ID3308,5,normal
5,3308,ID3309,5,normal
5,3312,ID3313,5,normal
5,3318,ID3319,5,normal
5,3320,ID3321,5,normal
5,3328,ID3329,5,normal
5,3330,ID3331,5,normal
5,3333,ID3334,5,normal
5,3335,ID3336,5,normal
5,3337,ID3338,5,normal
5,3350,ID3351,5,normal
5,3360,ID3361,5,normal
5,3365,ID3366,5,high
5,3378,ID3379,5,normal
5,3380,ID3381,5,normal
5,3382,ID3383,5,normal
5,3389,ID3390,5,low
5,3394,ID3395,5,high
5,3403,ID3404,5,normal
5,3404,ID3405,5,normal
5,3405,ID3406,5,normal
5,3414,ID3415,5,normal
5,3417,ID3418,5,normal
5,3421,ID3422,5,normal
5,3429,ID3430,5,normal
5,3432,ID3433,5,normal
5,3447,ID3448,5,normal
5,3457,ID3458,5,normal
5,3462,ID3463,5,high
5,3470,ID3471,5,high
5,3474,ID3475,5,high
5,3475,ID3476,5,high
5,3476,ID3477,5,normal
5,3478,ID3479,5,high
5,3479,ID3480,5,high
5,3486,ID3487,5,high
5,3491,ID3492,5,normal
5,3507,ID3508,5,normal
5,3512,ID3513,5,normal
5,3515,ID3516,5,low
5,3520,ID3521,5,normal
5,3525,ID3526,5,normal
5,3527,ID3528,5,normal
5,3529,ID3530,5,normal
5,3531,ID3532,5,normal
5,3532,ID3533,5,normal
5,3537,ID3538,5,normal
5,3539,ID3540,5,high
5,3541,ID3542,5,normal
5,3544,ID3545,5,normal
5,3545,ID3546,5,normal
5,3546,ID3547,5,normal
5,3555,ID3556,5,normal
5,3557,ID3558,5,normal
5,3562,ID3563,5,normal
5,3563,ID3564,5,normal
5,3565,ID3566,5,low
5,3570,ID3571,5,normal
5,3575,ID3576,5,normal
5,3585,ID3586,5,normal
5,3587,ID3588,5,normal
5,3589,ID3590,5,normal
5,3596,ID3597,5,normal
5,3601,ID3602,5,normal
5,3602,ID3603,5,normal
5,3604,ID3605,5,normal
5,3605,ID3606,5,normal
5,3607,ID3608,5,normal
5,3619,ID3620,5,normal
5,3624,ID3625,5,normal
5,3630,ID3631,5,normal
5,3631,ID3632,5,high
5,3632,ID3633,5,high
5,3635,ID3636,5,normal
5,3637,ID3638,5,normal
5,3644,ID3645,5,high
5,3648,ID3649,5,normal
5,3651,ID3652,5,normal
5,3654,ID3655,5,normal
5,3659,ID3660,5,normal
5,3660,ID3661,5,normal
5,3671,ID3672,5,normal
5,3672,ID3673,5,normal
5,3673,ID3674,5,normal
5,3683,ID3684,5,normal
5,3687,ID3688,5,normal
5,3694,ID3695,5,normal
5,3695,ID3696,5,normal
5,3697,ID3698,5,normal
5,3700,ID3701,5,normal
5,3703,ID3704,5,normal
5,3709,ID3710,5,normal
5,3714,ID3715,5,normal
5,3721,ID3722,5,normal
5,3725,ID3726,5,normal
5,3733,ID3734,5,normal
5,3735,ID3736,5,high
5,3736,ID3737,5,high
5,3738,ID3739,5,normal
5,3746,ID3747,5,normal
5,3748,ID3749,5,normal
5,3749,ID3750,5,normal
5,3750,ID3751,5,normal
5,3752,ID3753,5,low
5,3761,ID3762,5,normal
5,3763,ID3764,5,low
5,3766,ID3767,5,low
5,3774,ID3775,5,normal
5,3775,ID3776,5,normal
5,3776,ID3777,5,normal
5,3780,ID3781,5,normal
5,3783,ID3784,5,low
5,3784,ID3785,5,normal
5,3785,ID3786,5,normal
5,3798,ID3799,5,normal
5,3799,ID3800,5,normal
5,3806,ID3807,5,normal
5,3807,ID3808,5,normal
5,3809,ID3810,5,normal
5,3811,ID3812,5,normal
5,3813,ID3814,5,normal
5,3817,ID3818,5,normal
5,3821,ID3822,5,normal
5,3830,ID3831,5,normal
5,3831,ID3832,5,normal
5,3852,ID3853,5,normal
5,3854,ID3855,5,normal
5,3862,ID3863,5,normal
5,3872,ID3873,5,normal
5,3874,ID3875,5,normal
5,3883,ID3884,5,normal
5,3886,ID3887,5,normal
5,3888,ID3889,5,normal
5,3894,ID3895,5,normal
5,3902,ID3903,5,normal
5,3905,ID3906,5,normal
5,3911,ID3912,5,normal
5,3916,ID3917,5,normal
5,3923,ID3924,5,normal
5,3937,ID3938,5,normal
5,3939,ID3940,5,normal
5,3942,ID3943,5,normal
5,3949,ID3950,5,high
5,3955,ID3956,5,normal
5,3960,ID3961,5,normal
5,3963,ID3964,5,normal
5,3964,ID3965,5,normal
5,3965,ID3966,5,normal
5,3968,ID3969,5,normal
5,3970,ID3971,5,normal
5,3971,ID3972,5,normal
5,3972,ID3973,5,normal
5,3973,ID3974,5,normal
5,3978,ID3979,5,normal
5,3982,ID3983,5,normal
5,3986,ID3987,5,normal
5,3987,ID3988,5,normal
5,3989,ID3990,5,normal
5,3992,ID3993,5,normal
5,3993,ID3994,5,normal
5,3996,ID3997,5,normal
5,4026,ID4027,5,normal
5,4036,ID4037,5,normal
5,4049,ID4050,5,normal
5,4058,ID4059,5,normal
